0 ,0,0,0
20 ,1,0,0
35 ,1,1,0
45 ,1,1,1
120 ,0,1,1
135 ,0,0,1
200 ,0,0,0
220 ,1,0,0
235 ,1,1,0
245 ,1,1,1
320 ,0,1,1
335 ,0,0,1
400 ,0,0,0
420 ,1,0,0
435 ,1,1,0
445 ,1,1,1
520 ,0,1,1
535 ,0,0,1
600 ,0,0,0
620 ,1,0,0
635 ,1,1,0
645 ,1,1,1
720 ,0,1,1
735 ,0,0,1
800 ,0,0,0
820 ,1,0,0
835 ,1,1,0
845 ,1,1,1
920 ,0,1,1
935 ,0,0,1
1000 ,0,0,0
1020 ,1,0,0
1035 ,1,1,0
1045 ,1,1,1
1120 ,0,1,1
1135 ,0,0,1
1200 ,0,0,0
1220 ,1,0,0
1235 ,1,1,0
1245 ,1,1,1
1320 ,0,1,1
1335 ,0,0,1
1400 ,0,0,0
1420 ,1,0,0
1435 ,1,1,0
1445 ,1,1,1
1520 ,0,1,1
1535 ,0,0,1
1600 ,0,0,0
1620 ,1,0,0
1635 ,1,1,0
1645 ,1,1,1
1720 ,0,1,1
1735 ,0,0,1
1800 ,0,0,0
1820 ,1,0,0
1835 ,1,1,0
1845 ,1,1,1
1920 ,0,1,1
1935 ,0,0,1
2000 ,0,0,0
2020 ,1,0,0
2035 ,1,1,0
2045 ,1,1,1
2120 ,0,1,1
2135 ,0,0,1
2200 ,0,0,0
2220 ,1,0,0
2235 ,1,1,0
2245 ,1,1,1
2320 ,0,1,1
2335 ,0,0,1
2400 ,0,0,0
2420 ,1,0,0
2435 ,1,1,0
2445 ,1,1,1
2520 ,0,1,1
2535 ,0,0,1
2600 ,0,0,0
2620 ,1,0,0
2635 ,1,1,0
2645 ,1,1,1
2720 ,0,1,1
2735 ,0,0,1
2800 ,0,0,0
2820 ,1,0,0
2835 ,1,1,0
2845 ,1,1,1
2920 ,0,1,1
2935 ,0,0,1
3000 ,0,0,0
3020 ,1,0,0
3035 ,1,1,0
3045 ,1,1,1
3120 ,0,1,1
3135 ,0,0,1
3200 ,0,0,0
3220 ,1,0,0
3235 ,1,1,0
3245 ,1,1,1
3320 ,0,1,1
3335 ,0,0,1
3400 ,0,0,0
3420 ,1,0,0
3435 ,1,1,0
3445 ,1,1,1
3520 ,0,1,1
3535 ,0,0,1
3600 ,0,0,0
3620 ,1,0,0
3635 ,1,1,0
3645 ,1,1,1
3720 ,0,1,1
3735 ,0,0,1
3800 ,0,0,0
3820 ,1,0,0
3835 ,1,1,0
3845 ,1,1,1
3920 ,0,1,1
3935 ,0,0,1
4000 ,0,0,0
4020 ,1,0,0
4035 ,1,1,0
4045 ,1,1,1
4120 ,0,1,1
4135 ,0,0,1
4200 ,0,0,0
4220 ,1,0,0
4235 ,1,1,0
4245 ,1,1,1
4320 ,0,1,1
4335 ,0,0,1
4400 ,0,0,0
4420 ,1,0,0
4435 ,1,1,0
4445 ,1,1,1
4520 ,0,1,1
4535 ,0,0,1
4600 ,0,0,0
4620 ,1,0,0
4635 ,1,1,0
4645 ,1,1,1
4720 ,0,1,1
4735 ,0,0,1
4800 ,0,0,0
4820 ,1,0,0
4835 ,1,1,0
4845 ,1,1,1
4920 ,0,1,1
4935 ,0,0,1
5000 ,0,0,0
5020 ,1,0,0
5035 ,1,1,0
5045 ,1,1,1
5120 ,0,1,1
5135 ,0,0,1
5200 ,0,0,0
5220 ,1,0,0
5235 ,1,1,0
5245 ,1,1,1
5320 ,0,1,1
5335 ,0,0,1
5400 ,0,0,0
5420 ,1,0,0
5435 ,1,1,0
5445 ,1,1,1
5520 ,0,1,1
5535 ,0,0,1
5600 ,0,0,0
5620 ,1,0,0
5635 ,1,1,0
5645 ,1,1,1
5720 ,0,1,1
5735 ,0,0,1
5800 ,0,0,0
5820 ,1,0,0
5835 ,1,1,0
5845 ,1,1,1
5920 ,0,1,1
5935 ,0,0,1
6000 ,0,0,0
6020 ,1,0,0
6035 ,1,1,0
6045 ,1,1,1
6120 ,0,1,1
6135 ,0,0,1
6200 ,0,0,0
6220 ,1,0,0
6235 ,1,1,0
6245 ,1,1,1
6320 ,0,1,1
6335 ,0,0,1
6400 ,0,0,0
6420 ,1,0,0
6435 ,1,1,0
6445 ,1,1,1
6520 ,0,1,1
6535 ,0,0,1
6600 ,0,0,0
6620 ,1,0,0
6635 ,1,1,0
6645 ,1,1,1
6720 ,0,1,1
6735 ,0,0,1
6800 ,0,0,0
6820 ,1,0,0
6835 ,1,1,0
6845 ,1,1,1
6920 ,0,1,1
6935 ,0,0,1
7000 ,0,0,0
7020 ,1,0,0
7035 ,1,1,0
7045 ,1,1,1
7120 ,0,1,1
7135 ,0,0,1
7200 ,0,0,0
7220 ,1,0,0
7235 ,1,1,0
7245 ,1,1,1
7320 ,0,1,1
7335 ,0,0,1
7400 ,0,0,0
7420 ,1,0,0
7435 ,1,1,0
7445 ,1,1,1
7520 ,0,1,1
7535 ,0,0,1
7600 ,0,0,0
7620 ,1,0,0
7635 ,1,1,0
7645 ,1,1,1
7720 ,0,1,1
7735 ,0,0,1
7800 ,0,0,0
7820 ,1,0,0
7835 ,1,1,0
7845 ,1,1,1
7920 ,0,1,1
7935 ,0,0,1
8000 ,0,0,0
8020 ,1,0,0
8035 ,1,1,0
8045 ,1,1,1
8120 ,0,1,1
8135 ,0,0,1
8200 ,0,0,0
8220 ,1,0,0
8235 ,1,1,0
8245 ,1,1,1
8320 ,0,1,1
8335 ,0,0,1
8400 ,0,0,0
8420 ,1,0,0
8435 ,1,1,0
8445 ,1,1,1
8520 ,0,1,1
8535 ,0,0,1
8600 ,0,0,0
8620 ,1,0,0
8635 ,1,1,0
8645 ,1,1,1
8720 ,0,1,1
8735 ,0,0,1
8800 ,0,0,0
8820 ,1,0,0
8835 ,1,1,0
8845 ,1,1,1
8920 ,0,1,1
8935 ,0,0,1
9000 ,0,0,0
9020 ,1,0,0
9035 ,1,1,0
9045 ,1,1,1
9120 ,0,1,1
9135 ,0,0,1
9200 ,0,0,0
9220 ,1,0,0
9235 ,1,1,0
9245 ,1,1,1
9320 ,0,1,1
9335 ,0,0,1
9400 ,0,0,0
9420 ,1,0,0
9435 ,1,1,0
9445 ,1,1,1
9520 ,0,1,1
9535 ,0,0,1
9600 ,0,0,0
9620 ,1,0,0
9635 ,1,1,0
9645 ,1,1,1
9720 ,0,1,1
9735 ,0,0,1
9800 ,0,0,0
9820 ,1,0,0
9835 ,1,1,0
9845 ,1,1,1
9920 ,0,1,1
9935 ,0,0,1
10000 ,0,0,0
10020 ,1,0,0
10035 ,1,1,0
10045 ,1,1,1
10120 ,0,1,1
10135 ,0,0,1
10200 ,0,0,0
10220 ,1,0,0
10235 ,1,1,0
10245 ,1,1,1
10320 ,0,1,1
10335 ,0,0,1
10400 ,0,0,0
10420 ,1,0,0
10435 ,1,1,0
10445 ,1,1,1
10520 ,0,1,1
10535 ,0,0,1
10600 ,0,0,0
10620 ,1,0,0
10635 ,1,1,0
10645 ,1,1,1
10720 ,0,1,1
10735 ,0,0,1
10800 ,0,0,0
10820 ,1,0,0
10835 ,1,1,0
10845 ,1,1,1
10920 ,0,1,1
10935 ,0,0,1
11000 ,0,0,0
11020 ,1,0,0
11035 ,1,1,0
11045 ,1,1,1
11120 ,0,1,1
11135 ,0,0,1
11200 ,0,0,0
11220 ,1,0,0
11235 ,1,1,0
11245 ,1,1,1
11320 ,0,1,1
11335 ,0,0,1
11400 ,0,0,0
11420 ,1,0,0
11435 ,1,1,0
11445 ,1,1,1
11520 ,0,1,1
11535 ,0,0,1
11600 ,0,0,0
11620 ,1,0,0
11635 ,1,1,0
11645 ,1,1,1
11720 ,0,1,1
11735 ,0,0,1
11800 ,0,0,0
11820 ,1,0,0
11835 ,1,1,0
11845 ,1,1,1
11920 ,0,1,1
11935 ,0,0,1
12000 ,0,0,0
12020 ,1,0,0
12035 ,1,1,0
12045 ,1,1,1
12120 ,0,1,1
12135 ,0,0,1
12200 ,0,0,0
12220 ,1,0,0
12235 ,1,1,0
12245 ,1,1,1
12320 ,0,1,1
12335 ,0,0,1
12400 ,0,0,0
12420 ,1,0,0
12435 ,1,1,0
12445 ,1,1,1
12520 ,0,1,1
12535 ,0,0,1
12600 ,0,0,0
12620 ,1,0,0
12635 ,1,1,0
12645 ,1,1,1
12720 ,0,1,1
12735 ,0,0,1
12800 ,0,0,0
12820 ,1,0,0
12835 ,1,1,0
12845 ,1,1,1
12920 ,0,1,1
12935 ,0,0,1
13000 ,0,0,0
13020 ,1,0,0
13035 ,1,1,0
13045 ,1,1,1
13120 ,0,1,1
13135 ,0,0,1
13200 ,0,0,0
13220 ,1,0,0
13235 ,1,1,0
13245 ,1,1,1
13320 ,0,1,1
13335 ,0,0,1
13400 ,0,0,0
13420 ,1,0,0
13435 ,1,1,0
13445 ,1,1,1
13520 ,0,1,1
13535 ,0,0,1
13600 ,0,0,0
13620 ,1,0,0
13635 ,1,1,0
13645 ,1,1,1
13720 ,0,1,1
13735 ,0,0,1
13800 ,0,0,0
13820 ,1,0,0
13835 ,1,1,0
13845 ,1,1,1
13920 ,0,1,1
13935 ,0,0,1
14000 ,0,0,0
14020 ,1,0,0
14035 ,1,1,0
14045 ,1,1,1
14120 ,0,1,1
14135 ,0,0,1
14200 ,0,0,0
14220 ,1,0,0
14235 ,1,1,0
14245 ,1,1,1
14320 ,0,1,1
14335 ,0,0,1
14400 ,0,0,0
14420 ,1,0,0
14435 ,1,1,0
14445 ,1,1,1
14520 ,0,1,1
14535 ,0,0,1
14600 ,0,0,0
14620 ,1,0,0
14635 ,1,1,0
14645 ,1,1,1
14720 ,0,1,1
14735 ,0,0,1
14800 ,0,0,0
14820 ,1,0,0
14835 ,1,1,0
14845 ,1,1,1
14920 ,0,1,1
14935 ,0,0,1
15000 ,0,0,0
15020 ,1,0,0
15035 ,1,1,0
15045 ,1,1,1
15120 ,0,1,1
15135 ,0,0,1
15200 ,0,0,0
15220 ,1,0,0
15235 ,1,1,0
15245 ,1,1,1
15320 ,0,1,1
15335 ,0,0,1
15400 ,0,0,0
15420 ,1,0,0
15435 ,1,1,0
15445 ,1,1,1
15520 ,0,1,1
15535 ,0,0,1
15600 ,0,0,0
15620 ,1,0,0
15635 ,1,1,0
15645 ,1,1,1
15720 ,0,1,1
15735 ,0,0,1
15800 ,0,0,0
15820 ,1,0,0
15835 ,1,1,0
15845 ,1,1,1
15920 ,0,1,1
15935 ,0,0,1
16000 ,0,0,0
16020 ,1,0,0
16035 ,1,1,0
16045 ,1,1,1
16120 ,0,1,1
16135 ,0,0,1
16200 ,0,0,0
16220 ,1,0,0
16235 ,1,1,0
16245 ,1,1,1
16320 ,0,1,1
16335 ,0,0,1
16400 ,0,0,0
16420 ,1,0,0
16435 ,1,1,0
16445 ,1,1,1
16520 ,0,1,1
16535 ,0,0,1
16600 ,0,0,0
16620 ,1,0,0
16635 ,1,1,0
16645 ,1,1,1
16720 ,0,1,1
16735 ,0,0,1
16800 ,0,0,0
16820 ,1,0,0
16835 ,1,1,0
16845 ,1,1,1
16920 ,0,1,1
16935 ,0,0,1
17000 ,0,0,0
17020 ,1,0,0
17035 ,1,1,0
17045 ,1,1,1
17120 ,0,1,1
17135 ,0,0,1
17200 ,0,0,0
17220 ,1,0,0
17235 ,1,1,0
17245 ,1,1,1
17320 ,0,1,1
17335 ,0,0,1
17400 ,0,0,0
17420 ,1,0,0
17435 ,1,1,0
17445 ,1,1,1
17520 ,0,1,1
17535 ,0,0,1
17600 ,0,0,0
17620 ,1,0,0
17635 ,1,1,0
17645 ,1,1,1
17720 ,0,1,1
17735 ,0,0,1
17800 ,0,0,0
17820 ,1,0,0
17835 ,1,1,0
17845 ,1,1,1
17920 ,0,1,1
17935 ,0,0,1
18000 ,0,0,0
18020 ,1,0,0
18035 ,1,1,0
18045 ,1,1,1
18120 ,0,1,1
18135 ,0,0,1
18200 ,0,0,0
18220 ,1,0,0
18235 ,1,1,0
18245 ,1,1,1
18320 ,0,1,1
18335 ,0,0,1
18400 ,0,0,0
18420 ,1,0,0
18435 ,1,1,0
18445 ,1,1,1
18520 ,0,1,1
18535 ,0,0,1
18600 ,0,0,0
18620 ,1,0,0
18635 ,1,1,0
18645 ,1,1,1
18720 ,0,1,1
18735 ,0,0,1
18800 ,0,0,0
18820 ,1,0,0
18835 ,1,1,0
18845 ,1,1,1
18920 ,0,1,1
18935 ,0,0,1
19000 ,0,0,0
19020 ,1,0,0
19035 ,1,1,0
19045 ,1,1,1
19120 ,0,1,1
19135 ,0,0,1
19200 ,0,0,0
19220 ,1,0,0
19235 ,1,1,0
19245 ,1,1,1
19320 ,0,1,1
19335 ,0,0,1
19400 ,0,0,0
19420 ,1,0,0
19435 ,1,1,0
19445 ,1,1,1
19520 ,0,1,1
19535 ,0,0,1
19600 ,0,0,0
19620 ,1,0,0
19635 ,1,1,0
19645 ,1,1,1
19720 ,0,1,1
19735 ,0,0,1
19800 ,0,0,0
19820 ,1,0,0
19835 ,1,1,0
19845 ,1,1,1
19920 ,0,1,1
19935 ,0,0,1
20000 ,0,0,0
20020 ,1,0,0
20035 ,1,1,0
20045 ,1,1,1
20120 ,0,1,1
20135 ,0,0,1
20200 ,0,0,0
20220 ,1,0,0
20235 ,1,1,0
20245 ,1,1,1
20320 ,0,1,1
20335 ,0,0,1
20400 ,0,0,0
20420 ,1,0,0
20435 ,1,1,0
20445 ,1,1,1
20520 ,0,1,1
20535 ,0,0,1
20600 ,0,0,0
20620 ,1,0,0
20635 ,1,1,0
20645 ,1,1,1
20720 ,0,1,1
20735 ,0,0,1
20800 ,0,0,0
20820 ,1,0,0
20835 ,1,1,0
20845 ,1,1,1
20920 ,0,1,1
20935 ,0,0,1
21000 ,0,0,0
21020 ,1,0,0
21035 ,1,1,0
21045 ,1,1,1
21120 ,0,1,1
21135 ,0,0,1
21200 ,0,0,0
21220 ,1,0,0
21235 ,1,1,0
21245 ,1,1,1
21320 ,0,1,1
21335 ,0,0,1
21400 ,0,0,0
21420 ,1,0,0
21435 ,1,1,0
21445 ,1,1,1
21520 ,0,1,1
21535 ,0,0,1
21600 ,0,0,0
21620 ,1,0,0
21635 ,1,1,0
21645 ,1,1,1
21720 ,0,1,1
21735 ,0,0,1
21800 ,0,0,0
21820 ,1,0,0
21835 ,1,1,0
21845 ,1,1,1
21920 ,0,1,1
21935 ,0,0,1
22000 ,0,0,0
22020 ,1,0,0
22035 ,1,1,0
22045 ,1,1,1
22120 ,0,1,1
22135 ,0,0,1
22200 ,0,0,0
22220 ,1,0,0
22235 ,1,1,0
22245 ,1,1,1
22320 ,0,1,1
22335 ,0,0,1
22400 ,0,0,0
22420 ,1,0,0
22435 ,1,1,0
22445 ,1,1,1
22520 ,0,1,1
22535 ,0,0,1
22600 ,0,0,0
22620 ,1,0,0
22635 ,1,1,0
22645 ,1,1,1
22720 ,0,1,1
22735 ,0,0,1
22800 ,0,0,0
22820 ,1,0,0
22835 ,1,1,0
22845 ,1,1,1
22920 ,0,1,1
22935 ,0,0,1
23000 ,0,0,0
23020 ,1,0,0
23035 ,1,1,0
23045 ,1,1,1
23120 ,0,1,1
23135 ,0,0,1
23200 ,0,0,0
23220 ,1,0,0
23235 ,1,1,0
23245 ,1,1,1
23320 ,0,1,1
23335 ,0,0,1
23400 ,0,0,0
23420 ,1,0,0
23435 ,1,1,0
23445 ,1,1,1
23520 ,0,1,1
23535 ,0,0,1
23600 ,0,0,0
23620 ,1,0,0
23635 ,1,1,0
23645 ,1,1,1
23720 ,0,1,1
23735 ,0,0,1
23800 ,0,0,0
23820 ,1,0,0
23835 ,1,1,0
23845 ,1,1,1
23920 ,0,1,1
23935 ,0,0,1
24000 ,0,0,0
24020 ,1,0,0
24035 ,1,1,0
24045 ,1,1,1
24120 ,0,1,1
24135 ,0,0,1
24200 ,0,0,0
24220 ,1,0,0
24235 ,1,1,0
24245 ,1,1,1
24320 ,0,1,1
24335 ,0,0,1
24400 ,0,0,0
24420 ,1,0,0
24435 ,1,1,0
24445 ,1,1,1
24520 ,0,1,1
24535 ,0,0,1
24600 ,0,0,0
24620 ,1,0,0
24635 ,1,1,0
24645 ,1,1,1
24720 ,0,1,1
24735 ,0,0,1
24800 ,0,0,0
24820 ,1,0,0
24835 ,1,1,0
24845 ,1,1,1
24920 ,0,1,1
24935 ,0,0,1
25000 ,0,0,0
25020 ,1,0,0
25035 ,1,1,0
25045 ,1,1,1
25120 ,0,1,1
25135 ,0,0,1
25200 ,0,0,0
25220 ,1,0,0
25235 ,1,1,0
25245 ,1,1,1
25320 ,0,1,1
25335 ,0,0,1
25400 ,0,0,0
25420 ,1,0,0
25435 ,1,1,0
25445 ,1,1,1
25520 ,0,1,1
25535 ,0,0,1
25600 ,0,0,0
25620 ,1,0,0
25635 ,1,1,0
25645 ,1,1,1
25720 ,0,1,1
25735 ,0,0,1
25800 ,0,0,0
25820 ,1,0,0
25835 ,1,1,0
25845 ,1,1,1
25920 ,0,1,1
25935 ,0,0,1
26000 ,0,0,0
26020 ,1,0,0
26035 ,1,1,0
26045 ,1,1,1
26120 ,0,1,1
26135 ,0,0,1
26200 ,0,0,0
26220 ,1,0,0
26235 ,1,1,0
26245 ,1,1,1
26320 ,0,1,1
26335 ,0,0,1
26400 ,0,0,0
26420 ,1,0,0
26435 ,1,1,0
26445 ,1,1,1
26520 ,0,1,1
26535 ,0,0,1
26600 ,0,0,0
26620 ,1,0,0
26635 ,1,1,0
26645 ,1,1,1
26720 ,0,1,1
26735 ,0,0,1
26800 ,0,0,0
26820 ,1,0,0
26835 ,1,1,0
26845 ,1,1,1
26920 ,0,1,1
26935 ,0,0,1
27000 ,0,0,0
27020 ,1,0,0
27035 ,1,1,0
27045 ,1,1,1
27120 ,0,1,1
27135 ,0,0,1
27200 ,0,0,0
27220 ,1,0,0
27235 ,1,1,0
27245 ,1,1,1
27320 ,0,1,1
27335 ,0,0,1
27400 ,0,0,0
27420 ,1,0,0
27435 ,1,1,0
27445 ,1,1,1
27520 ,0,1,1
27535 ,0,0,1
27600 ,0,0,0
27620 ,1,0,0
27635 ,1,1,0
27645 ,1,1,1
27720 ,0,1,1
27735 ,0,0,1
27800 ,0,0,0
27820 ,1,0,0
27835 ,1,1,0
27845 ,1,1,1
27920 ,0,1,1
27935 ,0,0,1
28000 ,0,0,0
28020 ,1,0,0
28035 ,1,1,0
28045 ,1,1,1
28120 ,0,1,1
28135 ,0,0,1
28200 ,0,0,0
28220 ,1,0,0
28235 ,1,1,0
28245 ,1,1,1
28320 ,0,1,1
28335 ,0,0,1
28400 ,0,0,0
28420 ,1,0,0
28435 ,1,1,0
28445 ,1,1,1
28520 ,0,1,1
28535 ,0,0,1
28600 ,0,0,0
28620 ,1,0,0
28635 ,1,1,0
28645 ,1,1,1
28720 ,0,1,1
28735 ,0,0,1
28800 ,0,0,0
28820 ,1,0,0
28835 ,1,1,0
28845 ,1,1,1
28920 ,0,1,1
28935 ,0,0,1
29000 ,0,0,0
29020 ,1,0,0
29035 ,1,1,0
29045 ,1,1,1
29120 ,0,1,1
29135 ,0,0,1
29200 ,0,0,0
29220 ,1,0,0
29235 ,1,1,0
29245 ,1,1,1
29320 ,0,1,1
29335 ,0,0,1
29400 ,0,0,0
29420 ,1,0,0
29435 ,1,1,0
29445 ,1,1,1
29520 ,0,1,1
29535 ,0,0,1
29600 ,0,0,0
29620 ,1,0,0
29635 ,1,1,0
29645 ,1,1,1
29720 ,0,1,1
29735 ,0,0,1
29800 ,0,0,0
29820 ,1,0,0
29835 ,1,1,0
29845 ,1,1,1
29920 ,0,1,1
29935 ,0,0,1
30000 ,0,0,0
30020 ,1,0,0
30035 ,1,1,0
30045 ,1,1,1
30120 ,0,1,1
30135 ,0,0,1
30200 ,0,0,0
30220 ,1,0,0
30235 ,1,1,0
30245 ,1,1,1
30320 ,0,1,1
30335 ,0,0,1
30400 ,0,0,0
30420 ,1,0,0
30435 ,1,1,0
30445 ,1,1,1
30520 ,0,1,1
30535 ,0,0,1
30600 ,0,0,0
30620 ,1,0,0
30635 ,1,1,0
30645 ,1,1,1
30720 ,0,1,1
30735 ,0,0,1
30800 ,0,0,0
30820 ,1,0,0
30835 ,1,1,0
30845 ,1,1,1
30920 ,0,1,1
30935 ,0,0,1
31000 ,0,0,0
31020 ,1,0,0
31035 ,1,1,0
31045 ,1,1,1
31120 ,0,1,1
31135 ,0,0,1
31200 ,0,0,0
31220 ,1,0,0
31235 ,1,1,0
31245 ,1,1,1
31320 ,0,1,1
31335 ,0,0,1
31400 ,0,0,0
31420 ,1,0,0
31435 ,1,1,0
31445 ,1,1,1
31520 ,0,1,1
31535 ,0,0,1
31600 ,0,0,0
31620 ,1,0,0
31635 ,1,1,0
31645 ,1,1,1
31720 ,0,1,1
31735 ,0,0,1
31800 ,0,0,0
31820 ,1,0,0
31835 ,1,1,0
31845 ,1,1,1
31920 ,0,1,1
31935 ,0,0,1
32000 ,0,0,0
32020 ,1,0,0
32035 ,1,1,0
32045 ,1,1,1
32120 ,0,1,1
32135 ,0,0,1
32200 ,0,0,0
32220 ,1,0,0
32235 ,1,1,0
32245 ,1,1,1
32320 ,0,1,1
32335 ,0,0,1
32400 ,0,0,0
32420 ,1,0,0
32435 ,1,1,0
32445 ,1,1,1
32520 ,0,1,1
32535 ,0,0,1
32600 ,0,0,0
32620 ,1,0,0
32635 ,1,1,0
32645 ,1,1,1
32720 ,0,1,1
32735 ,0,0,1
32800 ,0,0,0
32820 ,1,0,0
32835 ,1,1,0
32845 ,1,1,1
32920 ,0,1,1
32935 ,0,0,1
33000 ,0,0,0
33020 ,1,0,0
33035 ,1,1,0
33045 ,1,1,1
33120 ,0,1,1
33135 ,0,0,1
33200 ,0,0,0
33220 ,1,0,0
33235 ,1,1,0
33245 ,1,1,1
33320 ,0,1,1
33335 ,0,0,1
33400 ,0,0,0
33420 ,1,0,0
33435 ,1,1,0
33445 ,1,1,1
33520 ,0,1,1
33535 ,0,0,1
33600 ,0,0,0
33620 ,1,0,0
33635 ,1,1,0
33645 ,1,1,1
33720 ,0,1,1
33735 ,0,0,1
33800 ,0,0,0
33820 ,1,0,0
33835 ,1,1,0
33845 ,1,1,1
33920 ,0,1,1
33935 ,0,0,1
34000 ,0,0,0
34020 ,1,0,0
34035 ,1,1,0
34045 ,1,1,1
34120 ,0,1,1
34135 ,0,0,1
34200 ,0,0,0
34220 ,1,0,0
34235 ,1,1,0
34245 ,1,1,1
34320 ,0,1,1
34335 ,0,0,1
34400 ,0,0,0
34420 ,1,0,0
34435 ,1,1,0
34445 ,1,1,1
34520 ,0,1,1
34535 ,0,0,1
34600 ,0,0,0
34620 ,1,0,0
34635 ,1,1,0
34645 ,1,1,1
34720 ,0,1,1
34735 ,0,0,1
34800 ,0,0,0
34820 ,1,0,0
34835 ,1,1,0
34845 ,1,1,1
34920 ,0,1,1
34935 ,0,0,1
35000 ,0,0,0
35020 ,1,0,0
35035 ,1,1,0
35045 ,1,1,1
35120 ,0,1,1
35135 ,0,0,1
35200 ,0,0,0
35220 ,1,0,0
35235 ,1,1,0
35245 ,1,1,1
35320 ,0,1,1
35335 ,0,0,1
35400 ,0,0,0
35420 ,1,0,0
35435 ,1,1,0
35445 ,1,1,1
35520 ,0,1,1
35535 ,0,0,1
35600 ,0,0,0
35620 ,1,0,0
35635 ,1,1,0
35645 ,1,1,1
35720 ,0,1,1
35735 ,0,0,1
35800 ,0,0,0
35820 ,1,0,0
35835 ,1,1,0
35845 ,1,1,1
35920 ,0,1,1
35935 ,0,0,1
36000 ,0,0,0
36020 ,1,0,0
36035 ,1,1,0
36045 ,1,1,1
36120 ,0,1,1
36135 ,0,0,1
36200 ,0,0,0
36220 ,1,0,0
36235 ,1,1,0
36245 ,1,1,1
36320 ,0,1,1
36335 ,0,0,1
36400 ,0,0,0
36420 ,1,0,0
36435 ,1,1,0
36445 ,1,1,1
36520 ,0,1,1
36535 ,0,0,1
36600 ,0,0,0
36620 ,1,0,0
36635 ,1,1,0
36645 ,1,1,1
36720 ,0,1,1
36735 ,0,0,1
36800 ,0,0,0
36820 ,1,0,0
36835 ,1,1,0
36845 ,1,1,1
36920 ,0,1,1
36935 ,0,0,1
37000 ,0,0,0
37020 ,1,0,0
37035 ,1,1,0
37045 ,1,1,1
37120 ,0,1,1
37135 ,0,0,1
37200 ,0,0,0
37220 ,1,0,0
37235 ,1,1,0
37245 ,1,1,1
37320 ,0,1,1
37335 ,0,0,1
37400 ,0,0,0
37420 ,1,0,0
37435 ,1,1,0
37445 ,1,1,1
37520 ,0,1,1
37535 ,0,0,1
37600 ,0,0,0
37620 ,1,0,0
37635 ,1,1,0
37645 ,1,1,1
37720 ,0,1,1
37735 ,0,0,1
37800 ,0,0,0
37820 ,1,0,0
37835 ,1,1,0
37845 ,1,1,1
37920 ,0,1,1
37935 ,0,0,1
38000 ,0,0,0
38020 ,1,0,0
38035 ,1,1,0
38045 ,1,1,1
38120 ,0,1,1
38135 ,0,0,1
38200 ,0,0,0
38220 ,1,0,0
38235 ,1,1,0
38245 ,1,1,1
38320 ,0,1,1
38335 ,0,0,1
38400 ,0,0,0
38420 ,1,0,0
38435 ,1,1,0
38445 ,1,1,1
38520 ,0,1,1
38535 ,0,0,1
38600 ,0,0,0
38620 ,1,0,0
38635 ,1,1,0
38645 ,1,1,1
38720 ,0,1,1
38735 ,0,0,1
38800 ,0,0,0
38820 ,1,0,0
38835 ,1,1,0
38845 ,1,1,1
38920 ,0,1,1
38935 ,0,0,1
39000 ,0,0,0
39020 ,1,0,0
39035 ,1,1,0
39045 ,1,1,1
39120 ,0,1,1
39135 ,0,0,1
39200 ,0,0,0
39220 ,1,0,0
39235 ,1,1,0
39245 ,1,1,1
39320 ,0,1,1
39335 ,0,0,1
39400 ,0,0,0
39420 ,1,0,0
39435 ,1,1,0
39445 ,1,1,1
39520 ,0,1,1
39535 ,0,0,1
39600 ,0,0,0
39620 ,1,0,0
39635 ,1,1,0
39645 ,1,1,1
39720 ,0,1,1
39735 ,0,0,1
39800 ,0,0,0
39820 ,1,0,0
39835 ,1,1,0
39845 ,1,1,1
39920 ,0,1,1
39935 ,0,0,1
40000 ,0,0,0
40020 ,1,0,0
40035 ,1,1,0
40045 ,1,1,1
40120 ,0,1,1
40135 ,0,0,1
40200 ,0,0,0
40220 ,1,0,0
40235 ,1,1,0
40245 ,1,1,1
40320 ,0,1,1
40335 ,0,0,1
40400 ,0,0,0
40420 ,1,0,0
40435 ,1,1,0
40445 ,1,1,1
40520 ,0,1,1
40535 ,0,0,1
40600 ,0,0,0
40620 ,1,0,0
40635 ,1,1,0
40645 ,1,1,1
40720 ,0,1,1
40735 ,0,0,1
40800 ,0,0,0
40820 ,1,0,0
40835 ,1,1,0
40845 ,1,1,1
40920 ,0,1,1
40935 ,0,0,1
41000 ,0,0,0
41020 ,1,0,0
41035 ,1,1,0
41045 ,1,1,1
41120 ,0,1,1
41135 ,0,0,1
41200 ,0,0,0
41220 ,1,0,0
41235 ,1,1,0
41245 ,1,1,1
41320 ,0,1,1
41335 ,0,0,1
41400 ,0,0,0
41420 ,1,0,0
41435 ,1,1,0
41445 ,1,1,1
41520 ,0,1,1
41535 ,0,0,1
41600 ,0,0,0
41620 ,1,0,0
41635 ,1,1,0
41645 ,1,1,1
41720 ,0,1,1
41735 ,0,0,1
41800 ,0,0,0
41820 ,1,0,0
41835 ,1,1,0
41845 ,1,1,1
41920 ,0,1,1
41935 ,0,0,1
42000 ,0,0,0
42020 ,1,0,0
42035 ,1,1,0
42045 ,1,1,1
42120 ,0,1,1
42135 ,0,0,1
42200 ,0,0,0
42220 ,1,0,0
42235 ,1,1,0
42245 ,1,1,1
42320 ,0,1,1
42335 ,0,0,1
42400 ,0,0,0
42420 ,1,0,0
42435 ,1,1,0
42445 ,1,1,1
42520 ,0,1,1
42535 ,0,0,1
42600 ,0,0,0
42620 ,1,0,0
42635 ,1,1,0
42645 ,1,1,1
42720 ,0,1,1
42735 ,0,0,1
42800 ,0,0,0
42820 ,1,0,0
42835 ,1,1,0
42845 ,1,1,1
42920 ,0,1,1
42935 ,0,0,1
43000 ,0,0,0
43020 ,1,0,0
43035 ,1,1,0
43045 ,1,1,1
43120 ,0,1,1
43135 ,0,0,1
43200 ,0,0,0
43220 ,1,0,0
43235 ,1,1,0
43245 ,1,1,1
43320 ,0,1,1
43335 ,0,0,1
43400 ,0,0,0
43420 ,1,0,0
43435 ,1,1,0
43445 ,1,1,1
43520 ,0,1,1
43535 ,0,0,1
43600 ,0,0,0
43620 ,1,0,0
43635 ,1,1,0
43645 ,1,1,1
43720 ,0,1,1
43735 ,0,0,1
43800 ,0,0,0
43820 ,1,0,0
43835 ,1,1,0
43845 ,1,1,1
43920 ,0,1,1
43935 ,0,0,1
44000 ,0,0,0
44020 ,1,0,0
44035 ,1,1,0
44045 ,1,1,1
44120 ,0,1,1
44135 ,0,0,1
44200 ,0,0,0
44220 ,1,0,0
44235 ,1,1,0
44245 ,1,1,1
44320 ,0,1,1
44335 ,0,0,1
44400 ,0,0,0
44420 ,1,0,0
44435 ,1,1,0
44445 ,1,1,1
44520 ,0,1,1
44535 ,0,0,1
44600 ,0,0,0
44620 ,1,0,0
44635 ,1,1,0
44645 ,1,1,1
44720 ,0,1,1
44735 ,0,0,1
44800 ,0,0,0
44820 ,1,0,0
44835 ,1,1,0
44845 ,1,1,1
44920 ,0,1,1
44935 ,0,0,1
45000 ,0,0,0
45020 ,1,0,0
45035 ,1,1,0
45045 ,1,1,1
45120 ,0,1,1
45135 ,0,0,1
45200 ,0,0,0
45220 ,1,0,0
45235 ,1,1,0
45245 ,1,1,1
45320 ,0,1,1
45335 ,0,0,1
45400 ,0,0,0
45420 ,1,0,0
45435 ,1,1,0
45445 ,1,1,1
45520 ,0,1,1
45535 ,0,0,1
45600 ,0,0,0
45620 ,1,0,0
45635 ,1,1,0
45645 ,1,1,1
45720 ,0,1,1
45735 ,0,0,1
45800 ,0,0,0
45820 ,1,0,0
45835 ,1,1,0
45845 ,1,1,1
45920 ,0,1,1
45935 ,0,0,1
46000 ,0,0,0
46020 ,1,0,0
46035 ,1,1,0
46045 ,1,1,1
46120 ,0,1,1
46135 ,0,0,1
46200 ,0,0,0
46220 ,1,0,0
46235 ,1,1,0
46245 ,1,1,1
46320 ,0,1,1
46335 ,0,0,1
46400 ,0,0,0
46420 ,1,0,0
46435 ,1,1,0
46445 ,1,1,1
46520 ,0,1,1
46535 ,0,0,1
46600 ,0,0,0
46620 ,1,0,0
46635 ,1,1,0
46645 ,1,1,1
46720 ,0,1,1
46735 ,0,0,1
46800 ,0,0,0
46820 ,1,0,0
46835 ,1,1,0
46845 ,1,1,1
46920 ,0,1,1
46935 ,0,0,1
47000 ,0,0,0
47020 ,1,0,0
47035 ,1,1,0
47045 ,1,1,1
47120 ,0,1,1
47135 ,0,0,1
47200 ,0,0,0
47220 ,1,0,0
47235 ,1,1,0
47245 ,1,1,1
47320 ,0,1,1
47335 ,0,0,1
47400 ,0,0,0
47420 ,1,0,0
47435 ,1,1,0
47445 ,1,1,1
47520 ,0,1,1
47535 ,0,0,1
47600 ,0,0,0
47620 ,1,0,0
47635 ,1,1,0
47645 ,1,1,1
47720 ,0,1,1
47735 ,0,0,1
47800 ,0,0,0
47820 ,1,0,0
47835 ,1,1,0
47845 ,1,1,1
47920 ,0,1,1
47935 ,0,0,1
48000 ,0,0,0
48020 ,1,0,0
48035 ,1,1,0
48045 ,1,1,1
48120 ,0,1,1
48135 ,0,0,1
48200 ,0,0,0
48220 ,1,0,0
48235 ,1,1,0
48245 ,1,1,1
48320 ,0,1,1
48335 ,0,0,1
48400 ,0,0,0
48420 ,1,0,0
48435 ,1,1,0
48445 ,1,1,1
48520 ,0,1,1
48535 ,0,0,1
48600 ,0,0,0
48620 ,1,0,0
48635 ,1,1,0
48645 ,1,1,1
48720 ,0,1,1
48735 ,0,0,1
48800 ,0,0,0
48820 ,1,0,0
48835 ,1,1,0
48845 ,1,1,1
48920 ,0,1,1
48935 ,0,0,1
49000 ,0,0,0
49020 ,1,0,0
49035 ,1,1,0
49045 ,1,1,1
49120 ,0,1,1
49135 ,0,0,1
49200 ,0,0,0
49220 ,1,0,0
49235 ,1,1,0
49245 ,1,1,1
49320 ,0,1,1
49335 ,0,0,1
49400 ,0,0,0
49420 ,1,0,0
49435 ,1,1,0
49445 ,1,1,1
49520 ,0,1,1
49535 ,0,0,1
49600 ,0,0,0
49620 ,1,0,0
49635 ,1,1,0
49645 ,1,1,1
49720 ,0,1,1
49735 ,0,0,1
49800 ,0,0,0
49820 ,1,0,0
49835 ,1,1,0
49845 ,1,1,1
49920 ,0,1,1
49935 ,0,0,1
50000 ,0,0,0
50020 ,1,0,0
50035 ,1,1,0
50045 ,1,1,1
50120 ,0,1,1
50135 ,0,0,1
50200 ,0,0,0
50220 ,1,0,0
50235 ,1,1,0
50245 ,1,1,1
50320 ,0,1,1
50335 ,0,0,1
50400 ,0,0,0
50420 ,1,0,0
50435 ,1,1,0
50445 ,1,1,1
50520 ,0,1,1
50535 ,0,0,1
50600 ,0,0,0
50620 ,1,0,0
50635 ,1,1,0
50645 ,1,1,1
50720 ,0,1,1
50735 ,0,0,1
50800 ,0,0,0
50820 ,1,0,0
50835 ,1,1,0
50845 ,1,1,1
50920 ,0,1,1
50935 ,0,0,1
51000 ,0,0,0
51020 ,1,0,0
51035 ,1,1,0
51045 ,1,1,1
51120 ,0,1,1
51135 ,0,0,1
51200 ,0,0,0
51220 ,1,0,0
51235 ,1,1,0
51245 ,1,1,1
51320 ,0,1,1
51335 ,0,0,1
51400 ,0,0,0
51420 ,1,0,0
51435 ,1,1,0
51445 ,1,1,1
51520 ,0,1,1
51535 ,0,0,1
51600 ,0,0,0
51620 ,1,0,0
51635 ,1,1,0
51645 ,1,1,1
51720 ,0,1,1
51735 ,0,0,1
51800 ,0,0,0
51820 ,1,0,0
51835 ,1,1,0
51845 ,1,1,1
51920 ,0,1,1
51935 ,0,0,1
52000 ,0,0,0
52020 ,1,0,0
52035 ,1,1,0
52045 ,1,1,1
52120 ,0,1,1
52135 ,0,0,1
52200 ,0,0,0
52220 ,1,0,0
52235 ,1,1,0
52245 ,1,1,1
52320 ,0,1,1
52335 ,0,0,1
52400 ,0,0,0
52420 ,1,0,0
52435 ,1,1,0
52445 ,1,1,1
52520 ,0,1,1
52535 ,0,0,1
52600 ,0,0,0
52620 ,1,0,0
52635 ,1,1,0
52645 ,1,1,1
52720 ,0,1,1
52735 ,0,0,1
52800 ,0,0,0
52820 ,1,0,0
52835 ,1,1,0
52845 ,1,1,1
52920 ,0,1,1
52935 ,0,0,1
53000 ,0,0,0
53020 ,1,0,0
53035 ,1,1,0
53045 ,1,1,1
53120 ,0,1,1
53135 ,0,0,1
53200 ,0,0,0
53220 ,1,0,0
53235 ,1,1,0
53245 ,1,1,1
53320 ,0,1,1
53335 ,0,0,1
53400 ,0,0,0
53420 ,1,0,0
53435 ,1,1,0
53445 ,1,1,1
53520 ,0,1,1
53535 ,0,0,1
53600 ,0,0,0
53620 ,1,0,0
53635 ,1,1,0
53645 ,1,1,1
53720 ,0,1,1
53735 ,0,0,1
53800 ,0,0,0
53820 ,1,0,0
53835 ,1,1,0
53845 ,1,1,1
53920 ,0,1,1
53935 ,0,0,1
54000 ,0,0,0
54020 ,1,0,0
54035 ,1,1,0
54045 ,1,1,1
54120 ,0,1,1
54135 ,0,0,1
54200 ,0,0,0
54220 ,1,0,0
54235 ,1,1,0
54245 ,1,1,1
54320 ,0,1,1
54335 ,0,0,1
54400 ,0,0,0
54420 ,1,0,0
54435 ,1,1,0
54445 ,1,1,1
54520 ,0,1,1
54535 ,0,0,1
54600 ,0,0,0
54620 ,1,0,0
54635 ,1,1,0
54645 ,1,1,1
54720 ,0,1,1
54735 ,0,0,1
54800 ,0,0,0
54820 ,1,0,0
54835 ,1,1,0
54845 ,1,1,1
54920 ,0,1,1
54935 ,0,0,1
55000 ,0,0,0
55020 ,1,0,0
55035 ,1,1,0
55045 ,1,1,1
55120 ,0,1,1
55135 ,0,0,1
55200 ,0,0,0
55220 ,1,0,0
55235 ,1,1,0
55245 ,1,1,1
55320 ,0,1,1
55335 ,0,0,1
55400 ,0,0,0
55420 ,1,0,0
55435 ,1,1,0
55445 ,1,1,1
55520 ,0,1,1
55535 ,0,0,1
55600 ,0,0,0
55620 ,1,0,0
55635 ,1,1,0
55645 ,1,1,1
55720 ,0,1,1
55735 ,0,0,1
55800 ,0,0,0
55820 ,1,0,0
55835 ,1,1,0
55845 ,1,1,1
55920 ,0,1,1
55935 ,0,0,1
56000 ,0,0,0
56020 ,1,0,0
56035 ,1,1,0
56045 ,1,1,1
56120 ,0,1,1
56135 ,0,0,1
56200 ,0,0,0
56220 ,1,0,0
56235 ,1,1,0
56245 ,1,1,1
56320 ,0,1,1
56335 ,0,0,1
56400 ,0,0,0
56420 ,1,0,0
56435 ,1,1,0
56445 ,1,1,1
56520 ,0,1,1
56535 ,0,0,1
56600 ,0,0,0
56620 ,1,0,0
56635 ,1,1,0
56645 ,1,1,1
56720 ,0,1,1
56735 ,0,0,1
56800 ,0,0,0
56820 ,1,0,0
56835 ,1,1,0
56845 ,1,1,1
56920 ,0,1,1
56935 ,0,0,1
57000 ,0,0,0
57020 ,1,0,0
57035 ,1,1,0
57045 ,1,1,1
57120 ,0,1,1
57135 ,0,0,1
57200 ,0,0,0
57220 ,1,0,0
57235 ,1,1,0
57245 ,1,1,1
57320 ,0,1,1
57335 ,0,0,1
57400 ,0,0,0
57420 ,1,0,0
57435 ,1,1,0
57445 ,1,1,1
57520 ,0,1,1
57535 ,0,0,1
57600 ,0,0,0
57620 ,1,0,0
57635 ,1,1,0
57645 ,1,1,1
57720 ,0,1,1
57735 ,0,0,1
57800 ,0,0,0
57820 ,1,0,0
57835 ,1,1,0
57845 ,1,1,1
57920 ,0,1,1
57935 ,0,0,1
58000 ,0,0,0
58020 ,1,0,0
58035 ,1,1,0
58045 ,1,1,1
58120 ,0,1,1
58135 ,0,0,1
58200 ,0,0,0
58220 ,1,0,0
58235 ,1,1,0
58245 ,1,1,1
58320 ,0,1,1
58335 ,0,0,1
58400 ,0,0,0
58420 ,1,0,0
58435 ,1,1,0
58445 ,1,1,1
58520 ,0,1,1
58535 ,0,0,1
58600 ,0,0,0
58620 ,1,0,0
58635 ,1,1,0
58645 ,1,1,1
58720 ,0,1,1
58735 ,0,0,1
58800 ,0,0,0
58820 ,1,0,0
58835 ,1,1,0
58845 ,1,1,1
58920 ,0,1,1
58935 ,0,0,1
59000 ,0,0,0
59020 ,1,0,0
59035 ,1,1,0
59045 ,1,1,1
59120 ,0,1,1
59135 ,0,0,1
59200 ,0,0,0
59220 ,1,0,0
59235 ,1,1,0
59245 ,1,1,1
59320 ,0,1,1
59335 ,0,0,1
59400 ,0,0,0
59420 ,1,0,0
59435 ,1,1,0
59445 ,1,1,1
59520 ,0,1,1
59535 ,0,0,1
59600 ,0,0,0
59620 ,1,0,0
59635 ,1,1,0
59645 ,1,1,1
59720 ,0,1,1
59735 ,0,0,1
59800 ,0,0,0
59820 ,1,0,0
59835 ,1,1,0
59845 ,1,1,1
59920 ,0,1,1
59935 ,0,0,1
60000 ,0,0,0
60020 ,1,0,0
60035 ,1,1,0
60045 ,1,1,1
60120 ,0,1,1
60135 ,0,0,1
60200 ,0,0,0
60220 ,1,0,0
60235 ,1,1,0
60245 ,1,1,1
60320 ,0,1,1
60335 ,0,0,1
60400 ,0,0,0
60420 ,1,0,0
60435 ,1,1,0
60445 ,1,1,1
60520 ,0,1,1
60535 ,0,0,1
60600 ,0,0,0
60620 ,1,0,0
60635 ,1,1,0
60645 ,1,1,1
60720 ,0,1,1
60735 ,0,0,1
60800 ,0,0,0
60820 ,1,0,0
60835 ,1,1,0
60845 ,1,1,1
60920 ,0,1,1
60935 ,0,0,1
61000 ,0,0,0
61020 ,1,0,0
61035 ,1,1,0
61045 ,1,1,1
61120 ,0,1,1
61135 ,0,0,1
61200 ,0,0,0
61220 ,1,0,0
61235 ,1,1,0
61245 ,1,1,1
61320 ,0,1,1
61335 ,0,0,1
61400 ,0,0,0
61420 ,1,0,0
61435 ,1,1,0
61445 ,1,1,1
61520 ,0,1,1
61535 ,0,0,1
61600 ,0,0,0
61620 ,1,0,0
61635 ,1,1,0
61645 ,1,1,1
61720 ,0,1,1
61735 ,0,0,1
61800 ,0,0,0
61820 ,1,0,0
61835 ,1,1,0
61845 ,1,1,1
61920 ,0,1,1
61935 ,0,0,1
62000 ,0,0,0
62020 ,1,0,0
62035 ,1,1,0
62045 ,1,1,1
62120 ,0,1,1
62135 ,0,0,1
62200 ,0,0,0
62220 ,1,0,0
62235 ,1,1,0
62245 ,1,1,1
62320 ,0,1,1
62335 ,0,0,1
62400 ,0,0,0
62420 ,1,0,0
62435 ,1,1,0
62445 ,1,1,1
62520 ,0,1,1
62535 ,0,0,1
62600 ,0,0,0
62620 ,1,0,0
62635 ,1,1,0
62645 ,1,1,1
62720 ,0,1,1
62735 ,0,0,1
62800 ,0,0,0
62820 ,1,0,0
62835 ,1,1,0
62845 ,1,1,1
62920 ,0,1,1
62935 ,0,0,1
63000 ,0,0,0
63020 ,1,0,0
63035 ,1,1,0
63045 ,1,1,1
63120 ,0,1,1
63135 ,0,0,1
63200 ,0,0,0
63220 ,1,0,0
63235 ,1,1,0
63245 ,1,1,1
63320 ,0,1,1
63335 ,0,0,1
63400 ,0,0,0
63420 ,1,0,0
63435 ,1,1,0
63445 ,1,1,1
63520 ,0,1,1
63535 ,0,0,1
63600 ,0,0,0
63620 ,1,0,0
63635 ,1,1,0
63645 ,1,1,1
63720 ,0,1,1
63735 ,0,0,1
63800 ,0,0,0
63820 ,1,0,0
63835 ,1,1,0
63845 ,1,1,1
63920 ,0,1,1
63935 ,0,0,1
64000 ,0,0,0
64020 ,1,0,0
64035 ,1,1,0
64045 ,1,1,1
64120 ,0,1,1
64135 ,0,0,1
64200 ,0,0,0
64220 ,1,0,0
64235 ,1,1,0
64245 ,1,1,1
64320 ,0,1,1
64335 ,0,0,1
64400 ,0,0,0
64420 ,1,0,0
64435 ,1,1,0
64445 ,1,1,1
64520 ,0,1,1
64535 ,0,0,1
64600 ,0,0,0
64620 ,1,0,0
64635 ,1,1,0
64645 ,1,1,1
64720 ,0,1,1
64735 ,0,0,1
64800 ,0,0,0
64820 ,1,0,0
64835 ,1,1,0
64845 ,1,1,1
64920 ,0,1,1
64935 ,0,0,1
65000 ,0,0,0
65020 ,1,0,0
65035 ,1,1,0
65045 ,1,1,1
65120 ,0,1,1
65135 ,0,0,1
65200 ,0,0,0
65220 ,1,0,0
65235 ,1,1,0
65245 ,1,1,1
65320 ,0,1,1
65335 ,0,0,1
65400 ,0,0,0
65420 ,1,0,0
65435 ,1,1,0
65445 ,1,1,1
65520 ,0,1,1
65535 ,0,0,1
65600 ,0,0,0
65620 ,1,0,0
65635 ,1,1,0
65645 ,1,1,1
65720 ,0,1,1
65735 ,0,0,1
65800 ,0,0,0
65820 ,1,0,0
65835 ,1,1,0
65845 ,1,1,1
65920 ,0,1,1
65935 ,0,0,1
66000 ,0,0,0
66020 ,1,0,0
66035 ,1,1,0
66045 ,1,1,1
66120 ,0,1,1
66135 ,0,0,1
66200 ,0,0,0
66220 ,1,0,0
66235 ,1,1,0
66245 ,1,1,1
66320 ,0,1,1
66335 ,0,0,1
66400 ,0,0,0
66420 ,1,0,0
66435 ,1,1,0
66445 ,1,1,1
66520 ,0,1,1
66535 ,0,0,1
66600 ,0,0,0
66620 ,1,0,0
66635 ,1,1,0
66645 ,1,1,1
66720 ,0,1,1
66735 ,0,0,1
66800 ,0,0,0
66820 ,1,0,0
66835 ,1,1,0
66845 ,1,1,1
66920 ,0,1,1
66935 ,0,0,1
67000 ,0,0,0
67020 ,1,0,0
67035 ,1,1,0
67045 ,1,1,1
67120 ,0,1,1
67135 ,0,0,1
67200 ,0,0,0
67220 ,1,0,0
67235 ,1,1,0
67245 ,1,1,1
67320 ,0,1,1
67335 ,0,0,1
67400 ,0,0,0
67420 ,1,0,0
67435 ,1,1,0
67445 ,1,1,1
67520 ,0,1,1
67535 ,0,0,1
67600 ,0,0,0
67620 ,1,0,0
67635 ,1,1,0
67645 ,1,1,1
67720 ,0,1,1
67735 ,0,0,1
67800 ,0,0,0
67820 ,1,0,0
67835 ,1,1,0
67845 ,1,1,1
67920 ,0,1,1
67935 ,0,0,1
68000 ,0,0,0
68020 ,1,0,0
68035 ,1,1,0
68045 ,1,1,1
68120 ,0,1,1
68135 ,0,0,1
68200 ,0,0,0
68220 ,1,0,0
68235 ,1,1,0
68245 ,1,1,1
68320 ,0,1,1
68335 ,0,0,1
68400 ,0,0,0
68420 ,1,0,0
68435 ,1,1,0
68445 ,1,1,1
68520 ,0,1,1
68535 ,0,0,1
68600 ,0,0,0
68620 ,1,0,0
68635 ,1,1,0
68645 ,1,1,1
68720 ,0,1,1
68735 ,0,0,1
68800 ,0,0,0
68820 ,1,0,0
68835 ,1,1,0
68845 ,1,1,1
68920 ,0,1,1
68935 ,0,0,1
69000 ,0,0,0
69020 ,1,0,0
69035 ,1,1,0
69045 ,1,1,1
69120 ,0,1,1
69135 ,0,0,1
69200 ,0,0,0
69220 ,1,0,0
69235 ,1,1,0
69245 ,1,1,1
69320 ,0,1,1
69335 ,0,0,1
69400 ,0,0,0
69420 ,1,0,0
69435 ,1,1,0
69445 ,1,1,1
69520 ,0,1,1
69535 ,0,0,1
69600 ,0,0,0
69620 ,1,0,0
69635 ,1,1,0
69645 ,1,1,1
69720 ,0,1,1
69735 ,0,0,1
69800 ,0,0,0
69820 ,1,0,0
69835 ,1,1,0
69845 ,1,1,1
69920 ,0,1,1
69935 ,0,0,1
70000 ,0,0,0
70020 ,1,0,0
70035 ,1,1,0
70045 ,1,1,1
70120 ,0,1,1
70135 ,0,0,1
70200 ,0,0,0
70220 ,1,0,0
70235 ,1,1,0
70245 ,1,1,1
70320 ,0,1,1
70335 ,0,0,1
70400 ,0,0,0
70420 ,1,0,0
70435 ,1,1,0
70445 ,1,1,1
70520 ,0,1,1
70535 ,0,0,1
70600 ,0,0,0
70620 ,1,0,0
70635 ,1,1,0
70645 ,1,1,1
70720 ,0,1,1
70735 ,0,0,1
70800 ,0,0,0
70820 ,1,0,0
70835 ,1,1,0
70845 ,1,1,1
70920 ,0,1,1
70935 ,0,0,1
71000 ,0,0,0
71020 ,1,0,0
71035 ,1,1,0
71045 ,1,1,1
71120 ,0,1,1
71135 ,0,0,1
71200 ,0,0,0
71220 ,1,0,0
71235 ,1,1,0
71245 ,1,1,1
71320 ,0,1,1
71335 ,0,0,1
71400 ,0,0,0
71420 ,1,0,0
71435 ,1,1,0
71445 ,1,1,1
71520 ,0,1,1
71535 ,0,0,1
71600 ,0,0,0
71620 ,1,0,0
71635 ,1,1,0
71645 ,1,1,1
71720 ,0,1,1
71735 ,0,0,1
71800 ,0,0,0
71820 ,1,0,0
71835 ,1,1,0
71845 ,1,1,1
71920 ,0,1,1
71935 ,0,0,1
72000 ,0,0,0
72020 ,1,0,0
72035 ,1,1,0
72045 ,1,1,1
72120 ,0,1,1
72135 ,0,0,1
72200 ,0,0,0
72220 ,1,0,0
72235 ,1,1,0
72245 ,1,1,1
72320 ,0,1,1
72335 ,0,0,1
72400 ,0,0,0
72420 ,1,0,0
72435 ,1,1,0
72445 ,1,1,1
72520 ,0,1,1
72535 ,0,0,1
72600 ,0,0,0
72620 ,1,0,0
72635 ,1,1,0
72645 ,1,1,1
72720 ,0,1,1
72735 ,0,0,1
72800 ,0,0,0
72820 ,1,0,0
72835 ,1,1,0
72845 ,1,1,1
72920 ,0,1,1
72935 ,0,0,1
73000 ,0,0,0
73020 ,1,0,0
73035 ,1,1,0
73045 ,1,1,1
73120 ,0,1,1
73135 ,0,0,1
73200 ,0,0,0
73220 ,1,0,0
73235 ,1,1,0
73245 ,1,1,1
73320 ,0,1,1
73335 ,0,0,1
73400 ,0,0,0
73420 ,1,0,0
73435 ,1,1,0
73445 ,1,1,1
73520 ,0,1,1
73535 ,0,0,1
73600 ,0,0,0
73620 ,1,0,0
73635 ,1,1,0
73645 ,1,1,1
73720 ,0,1,1
73735 ,0,0,1
73800 ,0,0,0
73820 ,1,0,0
73835 ,1,1,0
73845 ,1,1,1
73920 ,0,1,1
73935 ,0,0,1
74000 ,0,0,0
74020 ,1,0,0
74035 ,1,1,0
74045 ,1,1,1
74120 ,0,1,1
74135 ,0,0,1
74200 ,0,0,0
74220 ,1,0,0
74235 ,1,1,0
74245 ,1,1,1
74320 ,0,1,1
74335 ,0,0,1
74400 ,0,0,0
74420 ,1,0,0
74435 ,1,1,0
74445 ,1,1,1
74520 ,0,1,1
74535 ,0,0,1
74600 ,0,0,0
74620 ,1,0,0
74635 ,1,1,0
74645 ,1,1,1
74720 ,0,1,1
74735 ,0,0,1
74800 ,0,0,0
74820 ,1,0,0
74835 ,1,1,0
74845 ,1,1,1
74920 ,0,1,1
74935 ,0,0,1
75000 ,0,0,0
75020 ,1,0,0
75035 ,1,1,0
75045 ,1,1,1
75120 ,0,1,1
75135 ,0,0,1
75200 ,0,0,0
75220 ,1,0,0
75235 ,1,1,0
75245 ,1,1,1
75320 ,0,1,1
75335 ,0,0,1
75400 ,0,0,0
75420 ,1,0,0
75435 ,1,1,0
75445 ,1,1,1
75520 ,0,1,1
75535 ,0,0,1
75600 ,0,0,0
75620 ,1,0,0
75635 ,1,1,0
75645 ,1,1,1
75720 ,0,1,1
75735 ,0,0,1
75800 ,0,0,0
75820 ,1,0,0
75835 ,1,1,0
75845 ,1,1,1
75920 ,0,1,1
75935 ,0,0,1
76000 ,0,0,0
76020 ,1,0,0
76035 ,1,1,0
76045 ,1,1,1
76120 ,0,1,1
76135 ,0,0,1
76200 ,0,0,0
76220 ,1,0,0
76235 ,1,1,0
76245 ,1,1,1
76320 ,0,1,1
76335 ,0,0,1
76400 ,0,0,0
76420 ,1,0,0
76435 ,1,1,0
76445 ,1,1,1
76520 ,0,1,1
76535 ,0,0,1
76600 ,0,0,0
76620 ,1,0,0
76635 ,1,1,0
76645 ,1,1,1
76720 ,0,1,1
76735 ,0,0,1
76800 ,0,0,0
76820 ,1,0,0
76835 ,1,1,0
76845 ,1,1,1
76920 ,0,1,1
76935 ,0,0,1
77000 ,0,0,0
77020 ,1,0,0
77035 ,1,1,0
77045 ,1,1,1
77120 ,0,1,1
77135 ,0,0,1
77200 ,0,0,0
77220 ,1,0,0
77235 ,1,1,0
77245 ,1,1,1
77320 ,0,1,1
77335 ,0,0,1
77400 ,0,0,0
77420 ,1,0,0
77435 ,1,1,0
77445 ,1,1,1
77520 ,0,1,1
77535 ,0,0,1
77600 ,0,0,0
77620 ,1,0,0
77635 ,1,1,0
77645 ,1,1,1
77720 ,0,1,1
77735 ,0,0,1
77800 ,0,0,0
77820 ,1,0,0
77835 ,1,1,0
77845 ,1,1,1
77920 ,0,1,1
77935 ,0,0,1
78000 ,0,0,0
78020 ,1,0,0
78035 ,1,1,0
78045 ,1,1,1
78120 ,0,1,1
78135 ,0,0,1
78200 ,0,0,0
78220 ,1,0,0
78235 ,1,1,0
78245 ,1,1,1
78320 ,0,1,1
78335 ,0,0,1
78400 ,0,0,0
78420 ,1,0,0
78435 ,1,1,0
78445 ,1,1,1
78520 ,0,1,1
78535 ,0,0,1
78600 ,0,0,0
78620 ,1,0,0
78635 ,1,1,0
78645 ,1,1,1
78720 ,0,1,1
78735 ,0,0,1
78800 ,0,0,0
78820 ,1,0,0
78835 ,1,1,0
78845 ,1,1,1
78920 ,0,1,1
78935 ,0,0,1
79000 ,0,0,0
79020 ,1,0,0
79035 ,1,1,0
79045 ,1,1,1
79120 ,0,1,1
79135 ,0,0,1
79200 ,0,0,0
79220 ,1,0,0
79235 ,1,1,0
79245 ,1,1,1
79320 ,0,1,1
79335 ,0,0,1
79400 ,0,0,0
79420 ,1,0,0
79435 ,1,1,0
79445 ,1,1,1
79520 ,0,1,1
79535 ,0,0,1
79600 ,0,0,0
79620 ,1,0,0
79635 ,1,1,0
79645 ,1,1,1
79720 ,0,1,1
79735 ,0,0,1
79800 ,0,0,0
79820 ,1,0,0
79835 ,1,1,0
79845 ,1,1,1
79920 ,0,1,1
79935 ,0,0,1
80000 ,0,0,0
80020 ,1,0,0
80035 ,1,1,0
80045 ,1,1,1
80120 ,0,1,1
80135 ,0,0,1
80200 ,0,0,0
80220 ,1,0,0
80235 ,1,1,0
80245 ,1,1,1
80320 ,0,1,1
80335 ,0,0,1
80400 ,0,0,0
80420 ,1,0,0
80435 ,1,1,0
80445 ,1,1,1
80520 ,0,1,1
80535 ,0,0,1
80600 ,0,0,0
80620 ,1,0,0
80635 ,1,1,0
80645 ,1,1,1
80720 ,0,1,1
80735 ,0,0,1
80800 ,0,0,0
80820 ,1,0,0
80835 ,1,1,0
80845 ,1,1,1
80920 ,0,1,1
80935 ,0,0,1
81000 ,0,0,0
81020 ,1,0,0
81035 ,1,1,0
81045 ,1,1,1
81120 ,0,1,1
81135 ,0,0,1
81200 ,0,0,0
81220 ,1,0,0
81235 ,1,1,0
81245 ,1,1,1
81320 ,0,1,1
81335 ,0,0,1
81400 ,0,0,0
81420 ,1,0,0
81435 ,1,1,0
81445 ,1,1,1
81520 ,0,1,1
81535 ,0,0,1
81600 ,0,0,0
81620 ,1,0,0
81635 ,1,1,0
81645 ,1,1,1
81720 ,0,1,1
81735 ,0,0,1
81800 ,0,0,0
81820 ,1,0,0
81835 ,1,1,0
81845 ,1,1,1
81920 ,0,1,1
81935 ,0,0,1
82000 ,0,0,0
82020 ,1,0,0
82035 ,1,1,0
82045 ,1,1,1
82120 ,0,1,1
82135 ,0,0,1
82200 ,0,0,0
82220 ,1,0,0
82235 ,1,1,0
82245 ,1,1,1
82320 ,0,1,1
82335 ,0,0,1
82400 ,0,0,0
82420 ,1,0,0
82435 ,1,1,0
82445 ,1,1,1
82520 ,0,1,1
82535 ,0,0,1
82600 ,0,0,0
82620 ,1,0,0
82635 ,1,1,0
82645 ,1,1,1
82720 ,0,1,1
82735 ,0,0,1
82800 ,0,0,0
82820 ,1,0,0
82835 ,1,1,0
82845 ,1,1,1
82920 ,0,1,1
82935 ,0,0,1
83000 ,0,0,0
83020 ,1,0,0
83035 ,1,1,0
83045 ,1,1,1
83120 ,0,1,1
83135 ,0,0,1
83200 ,0,0,0
83220 ,1,0,0
83235 ,1,1,0
83245 ,1,1,1
83320 ,0,1,1
83335 ,0,0,1
83400 ,0,0,0
83420 ,1,0,0
83435 ,1,1,0
83445 ,1,1,1
83520 ,0,1,1
83535 ,0,0,1
83600 ,0,0,0
83620 ,1,0,0
83635 ,1,1,0
83645 ,1,1,1
83720 ,0,1,1
83735 ,0,0,1
83800 ,0,0,0
83820 ,1,0,0
83835 ,1,1,0
83845 ,1,1,1
83920 ,0,1,1
83935 ,0,0,1
84000 ,0,0,0
84020 ,1,0,0
84035 ,1,1,0
84045 ,1,1,1
84120 ,0,1,1
84135 ,0,0,1
84200 ,0,0,0
84220 ,1,0,0
84235 ,1,1,0
84245 ,1,1,1
84320 ,0,1,1
84335 ,0,0,1
84400 ,0,0,0
84420 ,1,0,0
84435 ,1,1,0
84445 ,1,1,1
84520 ,0,1,1
84535 ,0,0,1
84600 ,0,0,0
84620 ,1,0,0
84635 ,1,1,0
84645 ,1,1,1
84720 ,0,1,1
84735 ,0,0,1
84800 ,0,0,0
84820 ,1,0,0
84835 ,1,1,0
84845 ,1,1,1
84920 ,0,1,1
84935 ,0,0,1
85000 ,0,0,0
85020 ,1,0,0
85035 ,1,1,0
85045 ,1,1,1
85120 ,0,1,1
85135 ,0,0,1
85200 ,0,0,0
85220 ,1,0,0
85235 ,1,1,0
85245 ,1,1,1
85320 ,0,1,1
85335 ,0,0,1
85400 ,0,0,0
85420 ,1,0,0
85435 ,1,1,0
85445 ,1,1,1
85520 ,0,1,1
85535 ,0,0,1
85600 ,0,0,0
85620 ,1,0,0
85635 ,1,1,0
85645 ,1,1,1
85720 ,0,1,1
85735 ,0,0,1
85800 ,0,0,0
85820 ,1,0,0
85835 ,1,1,0
85845 ,1,1,1
85920 ,0,1,1
85935 ,0,0,1
86000 ,0,0,0
86020 ,1,0,0
86035 ,1,1,0
86045 ,1,1,1
86120 ,0,1,1
86135 ,0,0,1
86200 ,0,0,0
86220 ,1,0,0
86235 ,1,1,0
86245 ,1,1,1
86320 ,0,1,1
86335 ,0,0,1
86400 ,0,0,0
86420 ,1,0,0
86435 ,1,1,0
86445 ,1,1,1
86520 ,0,1,1
86535 ,0,0,1
86600 ,0,0,0
86620 ,1,0,0
86635 ,1,1,0
86645 ,1,1,1
86720 ,0,1,1
86735 ,0,0,1
86800 ,0,0,0
86820 ,1,0,0
86835 ,1,1,0
86845 ,1,1,1
86920 ,0,1,1
86935 ,0,0,1
87000 ,0,0,0
87020 ,1,0,0
87035 ,1,1,0
87045 ,1,1,1
87120 ,0,1,1
87135 ,0,0,1
87200 ,0,0,0
87220 ,1,0,0
87235 ,1,1,0
87245 ,1,1,1
87320 ,0,1,1
87335 ,0,0,1
87400 ,0,0,0
87420 ,1,0,0
87435 ,1,1,0
87445 ,1,1,1
87520 ,0,1,1
87535 ,0,0,1
87600 ,0,0,0
87620 ,1,0,0
87635 ,1,1,0
87645 ,1,1,1
87720 ,0,1,1
87735 ,0,0,1
87800 ,0,0,0
87820 ,1,0,0
87835 ,1,1,0
87845 ,1,1,1
87920 ,0,1,1
87935 ,0,0,1
88000 ,0,0,0
88020 ,1,0,0
88035 ,1,1,0
88045 ,1,1,1
88120 ,0,1,1
88135 ,0,0,1
88200 ,0,0,0
88220 ,1,0,0
88235 ,1,1,0
88245 ,1,1,1
88320 ,0,1,1
88335 ,0,0,1
88400 ,0,0,0
88420 ,1,0,0
88435 ,1,1,0
88445 ,1,1,1
88520 ,0,1,1
88535 ,0,0,1
88600 ,0,0,0
88620 ,1,0,0
88635 ,1,1,0
88645 ,1,1,1
88720 ,0,1,1
88735 ,0,0,1
88800 ,0,0,0
88820 ,1,0,0
88835 ,1,1,0
88845 ,1,1,1
88920 ,0,1,1
88935 ,0,0,1
89000 ,0,0,0
89020 ,1,0,0
89035 ,1,1,0
89045 ,1,1,1
89120 ,0,1,1
89135 ,0,0,1
89200 ,0,0,0
89220 ,1,0,0
89235 ,1,1,0
89245 ,1,1,1
89320 ,0,1,1
89335 ,0,0,1
89400 ,0,0,0
89420 ,1,0,0
89435 ,1,1,0
89445 ,1,1,1
89520 ,0,1,1
89535 ,0,0,1
89600 ,0,0,0
89620 ,1,0,0
89635 ,1,1,0
89645 ,1,1,1
89720 ,0,1,1
89735 ,0,0,1
89800 ,0,0,0
89820 ,1,0,0
89835 ,1,1,0
89845 ,1,1,1
89920 ,0,1,1
89935 ,0,0,1
90000 ,0,0,0
90020 ,1,0,0
90035 ,1,1,0
90045 ,1,1,1
90120 ,0,1,1
90135 ,0,0,1
90200 ,0,0,0
90220 ,1,0,0
90235 ,1,1,0
90245 ,1,1,1
90320 ,0,1,1
90335 ,0,0,1
90400 ,0,0,0
90420 ,1,0,0
90435 ,1,1,0
90445 ,1,1,1
90520 ,0,1,1
90535 ,0,0,1
90600 ,0,0,0
90620 ,1,0,0
90635 ,1,1,0
90645 ,1,1,1
90720 ,0,1,1
90735 ,0,0,1
90800 ,0,0,0
90820 ,1,0,0
90835 ,1,1,0
90845 ,1,1,1
90920 ,0,1,1
90935 ,0,0,1
91000 ,0,0,0
91020 ,1,0,0
91035 ,1,1,0
91045 ,1,1,1
91120 ,0,1,1
91135 ,0,0,1
91200 ,0,0,0
91220 ,1,0,0
91235 ,1,1,0
91245 ,1,1,1
91320 ,0,1,1
91335 ,0,0,1
91400 ,0,0,0
91420 ,1,0,0
91435 ,1,1,0
91445 ,1,1,1
91520 ,0,1,1
91535 ,0,0,1
91600 ,0,0,0
91620 ,1,0,0
91635 ,1,1,0
91645 ,1,1,1
91720 ,0,1,1
91735 ,0,0,1
91800 ,0,0,0
91820 ,1,0,0
91835 ,1,1,0
91845 ,1,1,1
91920 ,0,1,1
91935 ,0,0,1
92000 ,0,0,0
92020 ,1,0,0
92035 ,1,1,0
92045 ,1,1,1
92120 ,0,1,1
92135 ,0,0,1
92200 ,0,0,0
92220 ,1,0,0
92235 ,1,1,0
92245 ,1,1,1
92320 ,0,1,1
92335 ,0,0,1
92400 ,0,0,0
92420 ,1,0,0
92435 ,1,1,0
92445 ,1,1,1
92520 ,0,1,1
92535 ,0,0,1
92600 ,0,0,0
92620 ,1,0,0
92635 ,1,1,0
92645 ,1,1,1
92720 ,0,1,1
92735 ,0,0,1
92800 ,0,0,0
92820 ,1,0,0
92835 ,1,1,0
92845 ,1,1,1
92920 ,0,1,1
92935 ,0,0,1
93000 ,0,0,0
93020 ,1,0,0
93035 ,1,1,0
93045 ,1,1,1
93120 ,0,1,1
93135 ,0,0,1
93200 ,0,0,0
93220 ,1,0,0
93235 ,1,1,0
93245 ,1,1,1
93320 ,0,1,1
93335 ,0,0,1
93400 ,0,0,0
93420 ,1,0,0
93435 ,1,1,0
93445 ,1,1,1
93520 ,0,1,1
93535 ,0,0,1
93600 ,0,0,0
93620 ,1,0,0
93635 ,1,1,0
93645 ,1,1,1
93720 ,0,1,1
93735 ,0,0,1
93800 ,0,0,0
93820 ,1,0,0
93835 ,1,1,0
93845 ,1,1,1
93920 ,0,1,1
93935 ,0,0,1
94000 ,0,0,0
94020 ,1,0,0
94035 ,1,1,0
94045 ,1,1,1
94120 ,0,1,1
94135 ,0,0,1
94200 ,0,0,0
94220 ,1,0,0
94235 ,1,1,0
94245 ,1,1,1
94320 ,0,1,1
94335 ,0,0,1
94400 ,0,0,0
94420 ,1,0,0
94435 ,1,1,0
94445 ,1,1,1
94520 ,0,1,1
94535 ,0,0,1
94600 ,0,0,0
94620 ,1,0,0
94635 ,1,1,0
94645 ,1,1,1
94720 ,0,1,1
94735 ,0,0,1
94800 ,0,0,0
94820 ,1,0,0
94835 ,1,1,0
94845 ,1,1,1
94920 ,0,1,1
94935 ,0,0,1
95000 ,0,0,0
95020 ,1,0,0
95035 ,1,1,0
95045 ,1,1,1
95120 ,0,1,1
95135 ,0,0,1
95200 ,0,0,0
95220 ,1,0,0
95235 ,1,1,0
95245 ,1,1,1
95320 ,0,1,1
95335 ,0,0,1
95400 ,0,0,0
95420 ,1,0,0
95435 ,1,1,0
95445 ,1,1,1
95520 ,0,1,1
95535 ,0,0,1
95600 ,0,0,0
95620 ,1,0,0
95635 ,1,1,0
95645 ,1,1,1
95720 ,0,1,1
95735 ,0,0,1
95800 ,0,0,0
95820 ,1,0,0
95835 ,1,1,0
95845 ,1,1,1
95920 ,0,1,1
95935 ,0,0,1
96000 ,0,0,0
96020 ,1,0,0
96035 ,1,1,0
96045 ,1,1,1
96120 ,0,1,1
96135 ,0,0,1
96200 ,0,0,0
96220 ,1,0,0
96235 ,1,1,0
96245 ,1,1,1
96320 ,0,1,1
96335 ,0,0,1
96400 ,0,0,0
96420 ,1,0,0
96435 ,1,1,0
96445 ,1,1,1
96520 ,0,1,1
96535 ,0,0,1
96600 ,0,0,0
96620 ,1,0,0
96635 ,1,1,0
96645 ,1,1,1
96720 ,0,1,1
96735 ,0,0,1
96800 ,0,0,0
96820 ,1,0,0
96835 ,1,1,0
96845 ,1,1,1
96920 ,0,1,1
96935 ,0,0,1
97000 ,0,0,0
97020 ,1,0,0
97035 ,1,1,0
97045 ,1,1,1
97120 ,0,1,1
97135 ,0,0,1
97200 ,0,0,0
97220 ,1,0,0
97235 ,1,1,0
97245 ,1,1,1
97320 ,0,1,1
97335 ,0,0,1
97400 ,0,0,0
97420 ,1,0,0
97435 ,1,1,0
97445 ,1,1,1
97520 ,0,1,1
97535 ,0,0,1
97600 ,0,0,0
97620 ,1,0,0
97635 ,1,1,0
97645 ,1,1,1
97720 ,0,1,1
97735 ,0,0,1
97800 ,0,0,0
97820 ,1,0,0
97835 ,1,1,0
97845 ,1,1,1
97920 ,0,1,1
97935 ,0,0,1
98000 ,0,0,0
98020 ,1,0,0
98035 ,1,1,0
98045 ,1,1,1
98120 ,0,1,1
98135 ,0,0,1
98200 ,0,0,0
98220 ,1,0,0
98235 ,1,1,0
98245 ,1,1,1
98320 ,0,1,1
98335 ,0,0,1
98400 ,0,0,0
98420 ,1,0,0
98435 ,1,1,0
98445 ,1,1,1
98520 ,0,1,1
98535 ,0,0,1
98600 ,0,0,0
98620 ,1,0,0
98635 ,1,1,0
98645 ,1,1,1
98720 ,0,1,1
98735 ,0,0,1
98800 ,0,0,0
98820 ,1,0,0
98835 ,1,1,0
98845 ,1,1,1
98920 ,0,1,1
98935 ,0,0,1
99000 ,0,0,0
99020 ,1,0,0
99035 ,1,1,0
99045 ,1,1,1
99120 ,0,1,1
99135 ,0,0,1
99200 ,0,0,0
99220 ,1,0,0
99235 ,1,1,0
99245 ,1,1,1
99320 ,0,1,1
99335 ,0,0,1
99400 ,0,0,0
99420 ,1,0,0
99435 ,1,1,0
99445 ,1,1,1
99520 ,0,1,1
99535 ,0,0,1
99600 ,0,0,0
99620 ,1,0,0
99635 ,1,1,0
99645 ,1,1,1
99720 ,0,1,1
99735 ,0,0,1
99800 ,0,0,0
99820 ,1,0,0
99835 ,1,1,0
99845 ,1,1,1
99920 ,0,1,1
99935 ,0,0,1
100000 ,0,0,0
100020 ,1,0,0
100035 ,1,1,0
100045 ,1,1,1
100120 ,0,1,1
100135 ,0,0,1
100200 ,0,0,0
100220 ,1,0,0
100235 ,1,1,0
100245 ,1,1,1
100320 ,0,1,1
100335 ,0,0,1
100400 ,0,0,0
100420 ,1,0,0
100435 ,1,1,0
100445 ,1,1,1
100520 ,0,1,1
100535 ,0,0,1
100600 ,0,0,0
100620 ,1,0,0
100635 ,1,1,0
100645 ,1,1,1
100720 ,0,1,1
100735 ,0,0,1
100800 ,0,0,0
100820 ,1,0,0
100835 ,1,1,0
100845 ,1,1,1
100920 ,0,1,1
100935 ,0,0,1
101000 ,0,0,0
101020 ,1,0,0
101035 ,1,1,0
101045 ,1,1,1
101120 ,0,1,1
101135 ,0,0,1
101200 ,0,0,0
101220 ,1,0,0
101235 ,1,1,0
101245 ,1,1,1
101320 ,0,1,1
101335 ,0,0,1
101400 ,0,0,0
101420 ,1,0,0
101435 ,1,1,0
101445 ,1,1,1
101520 ,0,1,1
101535 ,0,0,1
101600 ,0,0,0
101620 ,1,0,0
101635 ,1,1,0
101645 ,1,1,1
101720 ,0,1,1
101735 ,0,0,1
101800 ,0,0,0
101820 ,1,0,0
101835 ,1,1,0
101845 ,1,1,1
101920 ,0,1,1
101935 ,0,0,1
102000 ,0,0,0
102020 ,1,0,0
102035 ,1,1,0
102045 ,1,1,1
102120 ,0,1,1
102135 ,0,0,1
102200 ,0,0,0
102220 ,1,0,0
102235 ,1,1,0
102245 ,1,1,1
102320 ,0,1,1
102335 ,0,0,1
102400 ,0,0,0
102420 ,1,0,0
102435 ,1,1,0
102445 ,1,1,1
102520 ,0,1,1
102535 ,0,0,1
102600 ,0,0,0
102620 ,1,0,0
102635 ,1,1,0
102645 ,1,1,1
102720 ,0,1,1
102735 ,0,0,1
102800 ,0,0,0
102820 ,1,0,0
102835 ,1,1,0
102845 ,1,1,1
102920 ,0,1,1
102935 ,0,0,1
103000 ,0,0,0
103020 ,1,0,0
103035 ,1,1,0
103045 ,1,1,1
103120 ,0,1,1
103135 ,0,0,1
103200 ,0,0,0
103220 ,1,0,0
103235 ,1,1,0
103245 ,1,1,1
103320 ,0,1,1
103335 ,0,0,1
103400 ,0,0,0
103420 ,1,0,0
103435 ,1,1,0
103445 ,1,1,1
103520 ,0,1,1
103535 ,0,0,1
103600 ,0,0,0
103620 ,1,0,0
103635 ,1,1,0
103645 ,1,1,1
103720 ,0,1,1
103735 ,0,0,1
103800 ,0,0,0
103820 ,1,0,0
103835 ,1,1,0
103845 ,1,1,1
103920 ,0,1,1
103935 ,0,0,1
104000 ,0,0,0
104020 ,1,0,0
104035 ,1,1,0
104045 ,1,1,1
104120 ,0,1,1
104135 ,0,0,1
104200 ,0,0,0
104220 ,1,0,0
104235 ,1,1,0
104245 ,1,1,1
104320 ,0,1,1
104335 ,0,0,1
104400 ,0,0,0
104420 ,1,0,0
104435 ,1,1,0
104445 ,1,1,1
104520 ,0,1,1
104535 ,0,0,1
104600 ,0,0,0
104620 ,1,0,0
104635 ,1,1,0
104645 ,1,1,1
104720 ,0,1,1
104735 ,0,0,1
104800 ,0,0,0
104820 ,1,0,0
104835 ,1,1,0
104845 ,1,1,1
104920 ,0,1,1
104935 ,0,0,1
105000 ,0,0,0
105020 ,1,0,0
105035 ,1,1,0
105045 ,1,1,1
105120 ,0,1,1
105135 ,0,0,1
105200 ,0,0,0
105220 ,1,0,0
105235 ,1,1,0
105245 ,1,1,1
105320 ,0,1,1
105335 ,0,0,1
105400 ,0,0,0
105420 ,1,0,0
105435 ,1,1,0
105445 ,1,1,1
105520 ,0,1,1
105535 ,0,0,1
105600 ,0,0,0
105620 ,1,0,0
105635 ,1,1,0
105645 ,1,1,1
105720 ,0,1,1
105735 ,0,0,1
105800 ,0,0,0
105820 ,1,0,0
105835 ,1,1,0
105845 ,1,1,1
105920 ,0,1,1
105935 ,0,0,1
106000 ,0,0,0
106020 ,1,0,0
106035 ,1,1,0
106045 ,1,1,1
106120 ,0,1,1
106135 ,0,0,1
106200 ,0,0,0
106220 ,1,0,0
106235 ,1,1,0
106245 ,1,1,1
106320 ,0,1,1
106335 ,0,0,1
106400 ,0,0,0
106420 ,1,0,0
106435 ,1,1,0
106445 ,1,1,1
106520 ,0,1,1
106535 ,0,0,1
106600 ,0,0,0
106620 ,1,0,0
106635 ,1,1,0
106645 ,1,1,1
106720 ,0,1,1
106735 ,0,0,1
106800 ,0,0,0
106820 ,1,0,0
106835 ,1,1,0
106845 ,1,1,1
106920 ,0,1,1
106935 ,0,0,1
107000 ,0,0,0
107020 ,1,0,0
107035 ,1,1,0
107045 ,1,1,1
107120 ,0,1,1
107135 ,0,0,1
107200 ,0,0,0
107220 ,1,0,0
107235 ,1,1,0
107245 ,1,1,1
107320 ,0,1,1
107335 ,0,0,1
107400 ,0,0,0
107420 ,1,0,0
107435 ,1,1,0
107445 ,1,1,1
107520 ,0,1,1
107535 ,0,0,1
107600 ,0,0,0
107620 ,1,0,0
107635 ,1,1,0
107645 ,1,1,1
107720 ,0,1,1
107735 ,0,0,1
107800 ,0,0,0
107820 ,1,0,0
107835 ,1,1,0
107845 ,1,1,1
107920 ,0,1,1
107935 ,0,0,1
108000 ,0,0,0
108020 ,1,0,0
108035 ,1,1,0
108045 ,1,1,1
108120 ,0,1,1
108135 ,0,0,1
108200 ,0,0,0
108220 ,1,0,0
108235 ,1,1,0
108245 ,1,1,1
108320 ,0,1,1
108335 ,0,0,1
108400 ,0,0,0
108420 ,1,0,0
108435 ,1,1,0
108445 ,1,1,1
108520 ,0,1,1
108535 ,0,0,1
108600 ,0,0,0
108620 ,1,0,0
108635 ,1,1,0
108645 ,1,1,1
108720 ,0,1,1
108735 ,0,0,1
108800 ,0,0,0
108820 ,1,0,0
108835 ,1,1,0
108845 ,1,1,1
108920 ,0,1,1
108935 ,0,0,1
109000 ,0,0,0
109020 ,1,0,0
109035 ,1,1,0
109045 ,1,1,1
109120 ,0,1,1
109135 ,0,0,1
109200 ,0,0,0
109220 ,1,0,0
109235 ,1,1,0
109245 ,1,1,1
109320 ,0,1,1
109335 ,0,0,1
109400 ,0,0,0
109420 ,1,0,0
109435 ,1,1,0
109445 ,1,1,1
109520 ,0,1,1
109535 ,0,0,1
109600 ,0,0,0
109620 ,1,0,0
109635 ,1,1,0
109645 ,1,1,1
109720 ,0,1,1
109735 ,0,0,1
109800 ,0,0,0
109820 ,1,0,0
109835 ,1,1,0
109845 ,1,1,1
109920 ,0,1,1
109935 ,0,0,1
110000 ,0,0,0
110020 ,1,0,0
110035 ,1,1,0
110045 ,1,1,1
110120 ,0,1,1
110135 ,0,0,1
110200 ,0,0,0
110220 ,1,0,0
110235 ,1,1,0
110245 ,1,1,1
110320 ,0,1,1
110335 ,0,0,1
110400 ,0,0,0
110420 ,1,0,0
110435 ,1,1,0
110445 ,1,1,1
110520 ,0,1,1
110535 ,0,0,1
110600 ,0,0,0
110620 ,1,0,0
110635 ,1,1,0
110645 ,1,1,1
110720 ,0,1,1
110735 ,0,0,1
110800 ,0,0,0
110820 ,1,0,0
110835 ,1,1,0
110845 ,1,1,1
110920 ,0,1,1
110935 ,0,0,1
111000 ,0,0,0
111020 ,1,0,0
111035 ,1,1,0
111045 ,1,1,1
111120 ,0,1,1
111135 ,0,0,1
111200 ,0,0,0
111220 ,1,0,0
111235 ,1,1,0
111245 ,1,1,1
111320 ,0,1,1
111335 ,0,0,1
111400 ,0,0,0
111420 ,1,0,0
111435 ,1,1,0
111445 ,1,1,1
111520 ,0,1,1
111535 ,0,0,1
111600 ,0,0,0
111620 ,1,0,0
111635 ,1,1,0
111645 ,1,1,1
111720 ,0,1,1
111735 ,0,0,1
111800 ,0,0,0
111820 ,1,0,0
111835 ,1,1,0
111845 ,1,1,1
111920 ,0,1,1
111935 ,0,0,1
112000 ,0,0,0
112020 ,1,0,0
112035 ,1,1,0
112045 ,1,1,1
112120 ,0,1,1
112135 ,0,0,1
112200 ,0,0,0
112220 ,1,0,0
112235 ,1,1,0
112245 ,1,1,1
112320 ,0,1,1
112335 ,0,0,1
112400 ,0,0,0
112420 ,1,0,0
112435 ,1,1,0
112445 ,1,1,1
112520 ,0,1,1
112535 ,0,0,1
112600 ,0,0,0
112620 ,1,0,0
112635 ,1,1,0
112645 ,1,1,1
112720 ,0,1,1
112735 ,0,0,1
112800 ,0,0,0
112820 ,1,0,0
112835 ,1,1,0
112845 ,1,1,1
112920 ,0,1,1
112935 ,0,0,1
113000 ,0,0,0
113020 ,1,0,0
113035 ,1,1,0
113045 ,1,1,1
113120 ,0,1,1
113135 ,0,0,1
113200 ,0,0,0
113220 ,1,0,0
113235 ,1,1,0
113245 ,1,1,1
113320 ,0,1,1
113335 ,0,0,1
113400 ,0,0,0
113420 ,1,0,0
113435 ,1,1,0
113445 ,1,1,1
113520 ,0,1,1
113535 ,0,0,1
113600 ,0,0,0
113620 ,1,0,0
113635 ,1,1,0
113645 ,1,1,1
113720 ,0,1,1
113735 ,0,0,1
113800 ,0,0,0
113820 ,1,0,0
113835 ,1,1,0
113845 ,1,1,1
113920 ,0,1,1
113935 ,0,0,1
114000 ,0,0,0
114020 ,1,0,0
114035 ,1,1,0
114045 ,1,1,1
114120 ,0,1,1
114135 ,0,0,1
114200 ,0,0,0
114220 ,1,0,0
114235 ,1,1,0
114245 ,1,1,1
114320 ,0,1,1
114335 ,0,0,1
114400 ,0,0,0
114420 ,1,0,0
114435 ,1,1,0
114445 ,1,1,1
114520 ,0,1,1
114535 ,0,0,1
114600 ,0,0,0
114620 ,1,0,0
114635 ,1,1,0
114645 ,1,1,1
114720 ,0,1,1
114735 ,0,0,1
114800 ,0,0,0
114820 ,1,0,0
114835 ,1,1,0
114845 ,1,1,1
114920 ,0,1,1
114935 ,0,0,1
115000 ,0,0,0
115020 ,1,0,0
115035 ,1,1,0
115045 ,1,1,1
115120 ,0,1,1
115135 ,0,0,1
115200 ,0,0,0
115220 ,1,0,0
115235 ,1,1,0
115245 ,1,1,1
115320 ,0,1,1
115335 ,0,0,1
115400 ,0,0,0
115420 ,1,0,0
115435 ,1,1,0
115445 ,1,1,1
115520 ,0,1,1
115535 ,0,0,1
115600 ,0,0,0
115620 ,1,0,0
115635 ,1,1,0
115645 ,1,1,1
115720 ,0,1,1
115735 ,0,0,1
115800 ,0,0,0
115820 ,1,0,0
115835 ,1,1,0
115845 ,1,1,1
115920 ,0,1,1
115935 ,0,0,1
116000 ,0,0,0
116020 ,1,0,0
116035 ,1,1,0
116045 ,1,1,1
116120 ,0,1,1
116135 ,0,0,1
116200 ,0,0,0
116220 ,1,0,0
116235 ,1,1,0
116245 ,1,1,1
116320 ,0,1,1
116335 ,0,0,1
116400 ,0,0,0
116420 ,1,0,0
116435 ,1,1,0
116445 ,1,1,1
116520 ,0,1,1
116535 ,0,0,1
116600 ,0,0,0
116620 ,1,0,0
116635 ,1,1,0
116645 ,1,1,1
116720 ,0,1,1
116735 ,0,0,1
116800 ,0,0,0
116820 ,1,0,0
116835 ,1,1,0
116845 ,1,1,1
116920 ,0,1,1
116935 ,0,0,1
117000 ,0,0,0
117020 ,1,0,0
117035 ,1,1,0
117045 ,1,1,1
117120 ,0,1,1
117135 ,0,0,1
117200 ,0,0,0
117220 ,1,0,0
117235 ,1,1,0
117245 ,1,1,1
117320 ,0,1,1
117335 ,0,0,1
117400 ,0,0,0
117420 ,1,0,0
117435 ,1,1,0
117445 ,1,1,1
117520 ,0,1,1
117535 ,0,0,1
117600 ,0,0,0
117620 ,1,0,0
117635 ,1,1,0
117645 ,1,1,1
117720 ,0,1,1
117735 ,0,0,1
117800 ,0,0,0
117820 ,1,0,0
117835 ,1,1,0
117845 ,1,1,1
117920 ,0,1,1
117935 ,0,0,1
118000 ,0,0,0
118020 ,1,0,0
118035 ,1,1,0
118045 ,1,1,1
118120 ,0,1,1
118135 ,0,0,1
118200 ,0,0,0
118220 ,1,0,0
118235 ,1,1,0
118245 ,1,1,1
118320 ,0,1,1
118335 ,0,0,1
118400 ,0,0,0
118420 ,1,0,0
118435 ,1,1,0
118445 ,1,1,1
118520 ,0,1,1
118535 ,0,0,1
118600 ,0,0,0
118620 ,1,0,0
118635 ,1,1,0
118645 ,1,1,1
118720 ,0,1,1
118735 ,0,0,1
118800 ,0,0,0
118820 ,1,0,0
118835 ,1,1,0
118845 ,1,1,1
118920 ,0,1,1
118935 ,0,0,1
119000 ,0,0,0
119020 ,1,0,0
119035 ,1,1,0
119045 ,1,1,1
119120 ,0,1,1
119135 ,0,0,1
119200 ,0,0,0
119220 ,1,0,0
119235 ,1,1,0
119245 ,1,1,1
119320 ,0,1,1
119335 ,0,0,1
119400 ,0,0,0
119420 ,1,0,0
119435 ,1,1,0
119445 ,1,1,1
119520 ,0,1,1
119535 ,0,0,1
119600 ,0,0,0
119620 ,1,0,0
119635 ,1,1,0
119645 ,1,1,1
119720 ,0,1,1
119735 ,0,0,1
119800 ,0,0,0
119820 ,1,0,0
119835 ,1,1,0
119845 ,1,1,1
119920 ,0,1,1
119935 ,0,0,1
120000 ,0,0,0
120020 ,1,0,0
120035 ,1,1,0
120045 ,1,1,1
120120 ,0,1,1
120135 ,0,0,1
120200 ,0,0,0
120220 ,1,0,0
120235 ,1,1,0
120245 ,1,1,1
120320 ,0,1,1
120335 ,0,0,1
120400 ,0,0,0
120420 ,1,0,0
120435 ,1,1,0
120445 ,1,1,1
120520 ,0,1,1
120535 ,0,0,1
120600 ,0,0,0
120620 ,1,0,0
120635 ,1,1,0
120645 ,1,1,1
120720 ,0,1,1
120735 ,0,0,1
120800 ,0,0,0
120820 ,1,0,0
120835 ,1,1,0
120845 ,1,1,1
120920 ,0,1,1
120935 ,0,0,1
121000 ,0,0,0
121020 ,1,0,0
121035 ,1,1,0
121045 ,1,1,1
121120 ,0,1,1
121135 ,0,0,1
121200 ,0,0,0
121220 ,1,0,0
121235 ,1,1,0
121245 ,1,1,1
121320 ,0,1,1
121335 ,0,0,1
121400 ,0,0,0
121420 ,1,0,0
121435 ,1,1,0
121445 ,1,1,1
121520 ,0,1,1
121535 ,0,0,1
121600 ,0,0,0
121620 ,1,0,0
121635 ,1,1,0
121645 ,1,1,1
121720 ,0,1,1
121735 ,0,0,1
121800 ,0,0,0
121820 ,1,0,0
121835 ,1,1,0
121845 ,1,1,1
121920 ,0,1,1
121935 ,0,0,1
122000 ,0,0,0
122020 ,1,0,0
122035 ,1,1,0
122045 ,1,1,1
122120 ,0,1,1
122135 ,0,0,1
122200 ,0,0,0
122220 ,1,0,0
122235 ,1,1,0
122245 ,1,1,1
122320 ,0,1,1
122335 ,0,0,1
122400 ,0,0,0
122420 ,1,0,0
122435 ,1,1,0
122445 ,1,1,1
122520 ,0,1,1
122535 ,0,0,1
122600 ,0,0,0
122620 ,1,0,0
122635 ,1,1,0
122645 ,1,1,1
122720 ,0,1,1
122735 ,0,0,1
122800 ,0,0,0
122820 ,1,0,0
122835 ,1,1,0
122845 ,1,1,1
122920 ,0,1,1
122935 ,0,0,1
123000 ,0,0,0
123020 ,1,0,0
123035 ,1,1,0
123045 ,1,1,1
123120 ,0,1,1
123135 ,0,0,1
123200 ,0,0,0
123220 ,1,0,0
123235 ,1,1,0
123245 ,1,1,1
123320 ,0,1,1
123335 ,0,0,1
123400 ,0,0,0
123420 ,1,0,0
123435 ,1,1,0
123445 ,1,1,1
123520 ,0,1,1
123535 ,0,0,1
123600 ,0,0,0
123620 ,1,0,0
123635 ,1,1,0
123645 ,1,1,1
123720 ,0,1,1
123735 ,0,0,1
123800 ,0,0,0
123820 ,1,0,0
123835 ,1,1,0
123845 ,1,1,1
123920 ,0,1,1
123935 ,0,0,1
124000 ,0,0,0
124020 ,1,0,0
124035 ,1,1,0
124045 ,1,1,1
124120 ,0,1,1
124135 ,0,0,1
124200 ,0,0,0
124220 ,1,0,0
124235 ,1,1,0
124245 ,1,1,1
124320 ,0,1,1
124335 ,0,0,1
124400 ,0,0,0
124420 ,1,0,0
124435 ,1,1,0
124445 ,1,1,1
124520 ,0,1,1
124535 ,0,0,1
124600 ,0,0,0
124620 ,1,0,0
124635 ,1,1,0
124645 ,1,1,1
124720 ,0,1,1
124735 ,0,0,1
124800 ,0,0,0
124820 ,1,0,0
124835 ,1,1,0
124845 ,1,1,1
124920 ,0,1,1
124935 ,0,0,1
125000 ,0,0,0
125020 ,1,0,0
125035 ,1,1,0
125045 ,1,1,1
125120 ,0,1,1
125135 ,0,0,1
125200 ,0,0,0
125220 ,1,0,0
125235 ,1,1,0
125245 ,1,1,1
125320 ,0,1,1
125335 ,0,0,1
125400 ,0,0,0
125420 ,1,0,0
125435 ,1,1,0
125445 ,1,1,1
125520 ,0,1,1
125535 ,0,0,1
125600 ,0,0,0
125620 ,1,0,0
125635 ,1,1,0
125645 ,1,1,1
125720 ,0,1,1
125735 ,0,0,1
125800 ,0,0,0
125820 ,1,0,0
125835 ,1,1,0
125845 ,1,1,1
125920 ,0,1,1
125935 ,0,0,1
126000 ,0,0,0
126020 ,1,0,0
126035 ,1,1,0
126045 ,1,1,1
126120 ,0,1,1
126135 ,0,0,1
126200 ,0,0,0
126220 ,1,0,0
126235 ,1,1,0
126245 ,1,1,1
126320 ,0,1,1
126335 ,0,0,1
126400 ,0,0,0
126420 ,1,0,0
126435 ,1,1,0
126445 ,1,1,1
126520 ,0,1,1
126535 ,0,0,1
126600 ,0,0,0
126620 ,1,0,0
126635 ,1,1,0
126645 ,1,1,1
126720 ,0,1,1
126735 ,0,0,1
126800 ,0,0,0
126820 ,1,0,0
126835 ,1,1,0
126845 ,1,1,1
126920 ,0,1,1
126935 ,0,0,1
127000 ,0,0,0
127020 ,1,0,0
127035 ,1,1,0
127045 ,1,1,1
127120 ,0,1,1
127135 ,0,0,1
127200 ,0,0,0
127220 ,1,0,0
127235 ,1,1,0
127245 ,1,1,1
127320 ,0,1,1
127335 ,0,0,1
127400 ,0,0,0
127420 ,1,0,0
127435 ,1,1,0
127445 ,1,1,1
127520 ,0,1,1
127535 ,0,0,1
127600 ,0,0,0
127620 ,1,0,0
127635 ,1,1,0
127645 ,1,1,1
127720 ,0,1,1
127735 ,0,0,1
127800 ,0,0,0
127820 ,1,0,0
127835 ,1,1,0
127845 ,1,1,1
127920 ,0,1,1
127935 ,0,0,1
128000 ,0,0,0
128020 ,1,0,0
128035 ,1,1,0
128045 ,1,1,1
128120 ,0,1,1
128135 ,0,0,1
128200 ,0,0,0
128220 ,1,0,0
128235 ,1,1,0
128245 ,1,1,1
128320 ,0,1,1
128335 ,0,0,1
128400 ,0,0,0
128420 ,1,0,0
128435 ,1,1,0
128445 ,1,1,1
128520 ,0,1,1
128535 ,0,0,1
128600 ,0,0,0
128620 ,1,0,0
128635 ,1,1,0
128645 ,1,1,1
128720 ,0,1,1
128735 ,0,0,1
128800 ,0,0,0
128820 ,1,0,0
128835 ,1,1,0
128845 ,1,1,1
128920 ,0,1,1
128935 ,0,0,1
129000 ,0,0,0
129020 ,1,0,0
129035 ,1,1,0
129045 ,1,1,1
129120 ,0,1,1
129135 ,0,0,1
129200 ,0,0,0
129220 ,1,0,0
129235 ,1,1,0
129245 ,1,1,1
129320 ,0,1,1
129335 ,0,0,1
129400 ,0,0,0
129420 ,1,0,0
129435 ,1,1,0
129445 ,1,1,1
129520 ,0,1,1
129535 ,0,0,1
129600 ,0,0,0
129620 ,1,0,0
129635 ,1,1,0
129645 ,1,1,1
129720 ,0,1,1
129735 ,0,0,1
129800 ,0,0,0
129820 ,1,0,0
129835 ,1,1,0
129845 ,1,1,1
129920 ,0,1,1
129935 ,0,0,1
130000 ,0,0,0
130020 ,1,0,0
130035 ,1,1,0
130045 ,1,1,1
130120 ,0,1,1
130135 ,0,0,1
130200 ,0,0,0
130220 ,1,0,0
130235 ,1,1,0
130245 ,1,1,1
130320 ,0,1,1
130335 ,0,0,1
130400 ,0,0,0
130420 ,1,0,0
130435 ,1,1,0
130445 ,1,1,1
130520 ,0,1,1
130535 ,0,0,1
130600 ,0,0,0
130620 ,1,0,0
130635 ,1,1,0
130645 ,1,1,1
130720 ,0,1,1
130735 ,0,0,1
130800 ,0,0,0
130820 ,1,0,0
130835 ,1,1,0
130845 ,1,1,1
130920 ,0,1,1
130935 ,0,0,1
131000 ,0,0,0
131020 ,1,0,0
131035 ,1,1,0
131045 ,1,1,1
131120 ,0,1,1
131135 ,0,0,1
131200 ,0,0,0
131220 ,1,0,0
131235 ,1,1,0
131245 ,1,1,1
131320 ,0,1,1
131335 ,0,0,1
131400 ,0,0,0
131420 ,1,0,0
131435 ,1,1,0
131445 ,1,1,1
131520 ,0,1,1
131535 ,0,0,1
131600 ,0,0,0
131620 ,1,0,0
131635 ,1,1,0
131645 ,1,1,1
131720 ,0,1,1
131735 ,0,0,1
131800 ,0,0,0
131820 ,1,0,0
131835 ,1,1,0
131845 ,1,1,1
131920 ,0,1,1
131935 ,0,0,1
132000 ,0,0,0
132020 ,1,0,0
132035 ,1,1,0
132045 ,1,1,1
132120 ,0,1,1
132135 ,0,0,1
132200 ,0,0,0
132220 ,1,0,0
132235 ,1,1,0
132245 ,1,1,1
132320 ,0,1,1
132335 ,0,0,1
132400 ,0,0,0
132420 ,1,0,0
132435 ,1,1,0
132445 ,1,1,1
132520 ,0,1,1
132535 ,0,0,1
132600 ,0,0,0
132620 ,1,0,0
132635 ,1,1,0
132645 ,1,1,1
132720 ,0,1,1
132735 ,0,0,1
132800 ,0,0,0
132820 ,1,0,0
132835 ,1,1,0
132845 ,1,1,1
132920 ,0,1,1
132935 ,0,0,1
133000 ,0,0,0
133020 ,1,0,0
133035 ,1,1,0
133045 ,1,1,1
133120 ,0,1,1
133135 ,0,0,1
133200 ,0,0,0
133220 ,1,0,0
133235 ,1,1,0
133245 ,1,1,1
133320 ,0,1,1
133335 ,0,0,1
133400 ,0,0,0
133420 ,1,0,0
133435 ,1,1,0
133445 ,1,1,1
133520 ,0,1,1
133535 ,0,0,1
133600 ,0,0,0
133620 ,1,0,0
133635 ,1,1,0
133645 ,1,1,1
133720 ,0,1,1
133735 ,0,0,1
133800 ,0,0,0
133820 ,1,0,0
133835 ,1,1,0
133845 ,1,1,1
133920 ,0,1,1
133935 ,0,0,1
134000 ,0,0,0
134020 ,1,0,0
134035 ,1,1,0
134045 ,1,1,1
134120 ,0,1,1
134135 ,0,0,1
134200 ,0,0,0
134220 ,1,0,0
134235 ,1,1,0
134245 ,1,1,1
134320 ,0,1,1
134335 ,0,0,1
134400 ,0,0,0
134420 ,1,0,0
134435 ,1,1,0
134445 ,1,1,1
134520 ,0,1,1
134535 ,0,0,1
134600 ,0,0,0
134620 ,1,0,0
134635 ,1,1,0
134645 ,1,1,1
134720 ,0,1,1
134735 ,0,0,1
134800 ,0,0,0
134820 ,1,0,0
134835 ,1,1,0
134845 ,1,1,1
134920 ,0,1,1
134935 ,0,0,1
135000 ,0,0,0
135020 ,1,0,0
135035 ,1,1,0
135045 ,1,1,1
135120 ,0,1,1
135135 ,0,0,1
135200 ,0,0,0
135220 ,1,0,0
135235 ,1,1,0
135245 ,1,1,1
135320 ,0,1,1
135335 ,0,0,1
135400 ,0,0,0
135420 ,1,0,0
135435 ,1,1,0
135445 ,1,1,1
135520 ,0,1,1
135535 ,0,0,1
135600 ,0,0,0
135620 ,1,0,0
135635 ,1,1,0
135645 ,1,1,1
135720 ,0,1,1
135735 ,0,0,1
135800 ,0,0,0
135820 ,1,0,0
135835 ,1,1,0
135845 ,1,1,1
135920 ,0,1,1
135935 ,0,0,1
136000 ,0,0,0
136020 ,1,0,0
136035 ,1,1,0
136045 ,1,1,1
136120 ,0,1,1
136135 ,0,0,1
136200 ,0,0,0
136220 ,1,0,0
136235 ,1,1,0
136245 ,1,1,1
136320 ,0,1,1
136335 ,0,0,1
136400 ,0,0,0
136420 ,1,0,0
136435 ,1,1,0
136445 ,1,1,1
136520 ,0,1,1
136535 ,0,0,1
136600 ,0,0,0
136620 ,1,0,0
136635 ,1,1,0
136645 ,1,1,1
136720 ,0,1,1
136735 ,0,0,1
136800 ,0,0,0
136820 ,1,0,0
136835 ,1,1,0
136845 ,1,1,1
136920 ,0,1,1
136935 ,0,0,1
137000 ,0,0,0
137020 ,1,0,0
137035 ,1,1,0
137045 ,1,1,1
137120 ,0,1,1
137135 ,0,0,1
137200 ,0,0,0
137220 ,1,0,0
137235 ,1,1,0
137245 ,1,1,1
137320 ,0,1,1
137335 ,0,0,1
137400 ,0,0,0
137420 ,1,0,0
137435 ,1,1,0
137445 ,1,1,1
137520 ,0,1,1
137535 ,0,0,1
137600 ,0,0,0
137620 ,1,0,0
137635 ,1,1,0
137645 ,1,1,1
137720 ,0,1,1
137735 ,0,0,1
137800 ,0,0,0
137820 ,1,0,0
137835 ,1,1,0
137845 ,1,1,1
137920 ,0,1,1
137935 ,0,0,1
138000 ,0,0,0
138020 ,1,0,0
138035 ,1,1,0
138045 ,1,1,1
138120 ,0,1,1
138135 ,0,0,1
138200 ,0,0,0
138220 ,1,0,0
138235 ,1,1,0
138245 ,1,1,1
138320 ,0,1,1
138335 ,0,0,1
138400 ,0,0,0
138420 ,1,0,0
138435 ,1,1,0
138445 ,1,1,1
138520 ,0,1,1
138535 ,0,0,1
138600 ,0,0,0
138620 ,1,0,0
138635 ,1,1,0
138645 ,1,1,1
138720 ,0,1,1
138735 ,0,0,1
138800 ,0,0,0
138820 ,1,0,0
138835 ,1,1,0
138845 ,1,1,1
138920 ,0,1,1
138935 ,0,0,1
139000 ,0,0,0
139020 ,1,0,0
139035 ,1,1,0
139045 ,1,1,1
139120 ,0,1,1
139135 ,0,0,1
139200 ,0,0,0
139220 ,1,0,0
139235 ,1,1,0
139245 ,1,1,1
139320 ,0,1,1
139335 ,0,0,1
139400 ,0,0,0
139420 ,1,0,0
139435 ,1,1,0
139445 ,1,1,1
139520 ,0,1,1
139535 ,0,0,1
139600 ,0,0,0
139620 ,1,0,0
139635 ,1,1,0
139645 ,1,1,1
139720 ,0,1,1
139735 ,0,0,1
139800 ,0,0,0
139820 ,1,0,0
139835 ,1,1,0
139845 ,1,1,1
139920 ,0,1,1
139935 ,0,0,1
140000 ,0,0,0
140020 ,1,0,0
140035 ,1,1,0
140045 ,1,1,1
140120 ,0,1,1
140135 ,0,0,1
140200 ,0,0,0
140220 ,1,0,0
140235 ,1,1,0
140245 ,1,1,1
140320 ,0,1,1
140335 ,0,0,1
140400 ,0,0,0
140420 ,1,0,0
140435 ,1,1,0
140445 ,1,1,1
140520 ,0,1,1
140535 ,0,0,1
140600 ,0,0,0
140620 ,1,0,0
140635 ,1,1,0
140645 ,1,1,1
140720 ,0,1,1
140735 ,0,0,1
140800 ,0,0,0
140820 ,1,0,0
140835 ,1,1,0
140845 ,1,1,1
140920 ,0,1,1
140935 ,0,0,1
141000 ,0,0,0
141020 ,1,0,0
141035 ,1,1,0
141045 ,1,1,1
141120 ,0,1,1
141135 ,0,0,1
141200 ,0,0,0
141220 ,1,0,0
141235 ,1,1,0
141245 ,1,1,1
141320 ,0,1,1
141335 ,0,0,1
141400 ,0,0,0
141420 ,1,0,0
141435 ,1,1,0
141445 ,1,1,1
141520 ,0,1,1
141535 ,0,0,1
141600 ,0,0,0
141620 ,1,0,0
141635 ,1,1,0
141645 ,1,1,1
141720 ,0,1,1
141735 ,0,0,1
141800 ,0,0,0
141820 ,1,0,0
141835 ,1,1,0
141845 ,1,1,1
141920 ,0,1,1
141935 ,0,0,1
142000 ,0,0,0
142020 ,1,0,0
142035 ,1,1,0
142045 ,1,1,1
142120 ,0,1,1
142135 ,0,0,1
142200 ,0,0,0
142220 ,1,0,0
142235 ,1,1,0
142245 ,1,1,1
142320 ,0,1,1
142335 ,0,0,1
142400 ,0,0,0
142420 ,1,0,0
142435 ,1,1,0
142445 ,1,1,1
142520 ,0,1,1
142535 ,0,0,1
142600 ,0,0,0
142620 ,1,0,0
142635 ,1,1,0
142645 ,1,1,1
142720 ,0,1,1
142735 ,0,0,1
142800 ,0,0,0
142820 ,1,0,0
142835 ,1,1,0
142845 ,1,1,1
142920 ,0,1,1
142935 ,0,0,1
143000 ,0,0,0
143020 ,1,0,0
143035 ,1,1,0
143045 ,1,1,1
143120 ,0,1,1
143135 ,0,0,1
143200 ,0,0,0
143220 ,1,0,0
143235 ,1,1,0
143245 ,1,1,1
143320 ,0,1,1
143335 ,0,0,1
143400 ,0,0,0
143420 ,1,0,0
143435 ,1,1,0
143445 ,1,1,1
143520 ,0,1,1
143535 ,0,0,1
143600 ,0,0,0
143620 ,1,0,0
143635 ,1,1,0
143645 ,1,1,1
143720 ,0,1,1
143735 ,0,0,1
143800 ,0,0,0
143820 ,1,0,0
143835 ,1,1,0
143845 ,1,1,1
143920 ,0,1,1
143935 ,0,0,1
144000 ,0,0,0
144020 ,1,0,0
144035 ,1,1,0
144045 ,1,1,1
144120 ,0,1,1
144135 ,0,0,1
144200 ,0,0,0
144220 ,1,0,0
144235 ,1,1,0
144245 ,1,1,1
144320 ,0,1,1
144335 ,0,0,1
144400 ,0,0,0
144420 ,1,0,0
144435 ,1,1,0
144445 ,1,1,1
144520 ,0,1,1
144535 ,0,0,1
144600 ,0,0,0
144620 ,1,0,0
144635 ,1,1,0
144645 ,1,1,1
144720 ,0,1,1
144735 ,0,0,1
144800 ,0,0,0
144820 ,1,0,0
144835 ,1,1,0
144845 ,1,1,1
144920 ,0,1,1
144935 ,0,0,1
145000 ,0,0,0
145020 ,1,0,0
145035 ,1,1,0
145045 ,1,1,1
145120 ,0,1,1
145135 ,0,0,1
145200 ,0,0,0
145220 ,1,0,0
145235 ,1,1,0
145245 ,1,1,1
145320 ,0,1,1
145335 ,0,0,1
145400 ,0,0,0
145420 ,1,0,0
145435 ,1,1,0
145445 ,1,1,1
145520 ,0,1,1
145535 ,0,0,1
145600 ,0,0,0
145620 ,1,0,0
145635 ,1,1,0
145645 ,1,1,1
145720 ,0,1,1
145735 ,0,0,1
145800 ,0,0,0
145820 ,1,0,0
145835 ,1,1,0
145845 ,1,1,1
145920 ,0,1,1
145935 ,0,0,1
146000 ,0,0,0
146020 ,1,0,0
146035 ,1,1,0
146045 ,1,1,1
146120 ,0,1,1
146135 ,0,0,1
146200 ,0,0,0
146220 ,1,0,0
146235 ,1,1,0
146245 ,1,1,1
146320 ,0,1,1
146335 ,0,0,1
146400 ,0,0,0
146420 ,1,0,0
146435 ,1,1,0
146445 ,1,1,1
146520 ,0,1,1
146535 ,0,0,1
146600 ,0,0,0
146620 ,1,0,0
146635 ,1,1,0
146645 ,1,1,1
146720 ,0,1,1
146735 ,0,0,1
146800 ,0,0,0
146820 ,1,0,0
146835 ,1,1,0
146845 ,1,1,1
146920 ,0,1,1
146935 ,0,0,1
147000 ,0,0,0
147020 ,1,0,0
147035 ,1,1,0
147045 ,1,1,1
147120 ,0,1,1
147135 ,0,0,1
147200 ,0,0,0
147220 ,1,0,0
147235 ,1,1,0
147245 ,1,1,1
147320 ,0,1,1
147335 ,0,0,1
147400 ,0,0,0
147420 ,1,0,0
147435 ,1,1,0
147445 ,1,1,1
147520 ,0,1,1
147535 ,0,0,1
147600 ,0,0,0
147620 ,1,0,0
147635 ,1,1,0
147645 ,1,1,1
147720 ,0,1,1
147735 ,0,0,1
147800 ,0,0,0
147820 ,1,0,0
147835 ,1,1,0
147845 ,1,1,1
147920 ,0,1,1
147935 ,0,0,1
148000 ,0,0,0
148020 ,1,0,0
148035 ,1,1,0
148045 ,1,1,1
148120 ,0,1,1
148135 ,0,0,1
148200 ,0,0,0
148220 ,1,0,0
148235 ,1,1,0
148245 ,1,1,1
148320 ,0,1,1
148335 ,0,0,1
148400 ,0,0,0
148420 ,1,0,0
148435 ,1,1,0
148445 ,1,1,1
148520 ,0,1,1
148535 ,0,0,1
148600 ,0,0,0
148620 ,1,0,0
148635 ,1,1,0
148645 ,1,1,1
148720 ,0,1,1
148735 ,0,0,1
148800 ,0,0,0
148820 ,1,0,0
148835 ,1,1,0
148845 ,1,1,1
148920 ,0,1,1
148935 ,0,0,1
149000 ,0,0,0
149020 ,1,0,0
149035 ,1,1,0
149045 ,1,1,1
149120 ,0,1,1
149135 ,0,0,1
149200 ,0,0,0
149220 ,1,0,0
149235 ,1,1,0
149245 ,1,1,1
149320 ,0,1,1
149335 ,0,0,1
149400 ,0,0,0
149420 ,1,0,0
149435 ,1,1,0
149445 ,1,1,1
149520 ,0,1,1
149535 ,0,0,1
149600 ,0,0,0
149620 ,1,0,0
149635 ,1,1,0
149645 ,1,1,1
149720 ,0,1,1
149735 ,0,0,1
149800 ,0,0,0
149820 ,1,0,0
149835 ,1,1,0
149845 ,1,1,1
149920 ,0,1,1
149935 ,0,0,1
150000 ,0,0,0
150020 ,1,0,0
150035 ,1,1,0
150045 ,1,1,1
150120 ,0,1,1
150135 ,0,0,1
150200 ,0,0,0
150220 ,1,0,0
150235 ,1,1,0
150245 ,1,1,1
150320 ,0,1,1
150335 ,0,0,1
150400 ,0,0,0
150420 ,1,0,0
150435 ,1,1,0
150445 ,1,1,1
150520 ,0,1,1
150535 ,0,0,1
150600 ,0,0,0
150620 ,1,0,0
150635 ,1,1,0
150645 ,1,1,1
150720 ,0,1,1
150735 ,0,0,1
150800 ,0,0,0
150820 ,1,0,0
150835 ,1,1,0
150845 ,1,1,1
150920 ,0,1,1
150935 ,0,0,1
151000 ,0,0,0
151020 ,1,0,0
151035 ,1,1,0
151045 ,1,1,1
151120 ,0,1,1
151135 ,0,0,1
151200 ,0,0,0
151220 ,1,0,0
151235 ,1,1,0
151245 ,1,1,1
151320 ,0,1,1
151335 ,0,0,1
151400 ,0,0,0
151420 ,1,0,0
151435 ,1,1,0
151445 ,1,1,1
151520 ,0,1,1
151535 ,0,0,1
151600 ,0,0,0
151620 ,1,0,0
151635 ,1,1,0
151645 ,1,1,1
151720 ,0,1,1
151735 ,0,0,1
151800 ,0,0,0
151820 ,1,0,0
151835 ,1,1,0
151845 ,1,1,1
151920 ,0,1,1
151935 ,0,0,1
152000 ,0,0,0
152020 ,1,0,0
152035 ,1,1,0
152045 ,1,1,1
152120 ,0,1,1
152135 ,0,0,1
152200 ,0,0,0
152220 ,1,0,0
152235 ,1,1,0
152245 ,1,1,1
152320 ,0,1,1
152335 ,0,0,1
152400 ,0,0,0
152420 ,1,0,0
152435 ,1,1,0
152445 ,1,1,1
152520 ,0,1,1
152535 ,0,0,1
152600 ,0,0,0
152620 ,1,0,0
152635 ,1,1,0
152645 ,1,1,1
152720 ,0,1,1
152735 ,0,0,1
152800 ,0,0,0
152820 ,1,0,0
152835 ,1,1,0
152845 ,1,1,1
152920 ,0,1,1
152935 ,0,0,1
153000 ,0,0,0
153020 ,1,0,0
153035 ,1,1,0
153045 ,1,1,1
153120 ,0,1,1
153135 ,0,0,1
153200 ,0,0,0
153220 ,1,0,0
153235 ,1,1,0
153245 ,1,1,1
153320 ,0,1,1
153335 ,0,0,1
153400 ,0,0,0
153420 ,1,0,0
153435 ,1,1,0
153445 ,1,1,1
153520 ,0,1,1
153535 ,0,0,1
153600 ,0,0,0
153620 ,1,0,0
153635 ,1,1,0
153645 ,1,1,1
153720 ,0,1,1
153735 ,0,0,1
153800 ,0,0,0
153820 ,1,0,0
153835 ,1,1,0
153845 ,1,1,1
153920 ,0,1,1
153935 ,0,0,1
154000 ,0,0,0
154020 ,1,0,0
154035 ,1,1,0
154045 ,1,1,1
154120 ,0,1,1
154135 ,0,0,1
154200 ,0,0,0
154220 ,1,0,0
154235 ,1,1,0
154245 ,1,1,1
154320 ,0,1,1
154335 ,0,0,1
154400 ,0,0,0
154420 ,1,0,0
154435 ,1,1,0
154445 ,1,1,1
154520 ,0,1,1
154535 ,0,0,1
154600 ,0,0,0
154620 ,1,0,0
154635 ,1,1,0
154645 ,1,1,1
154720 ,0,1,1
154735 ,0,0,1
154800 ,0,0,0
154820 ,1,0,0
154835 ,1,1,0
154845 ,1,1,1
154920 ,0,1,1
154935 ,0,0,1
155000 ,0,0,0
155020 ,1,0,0
155035 ,1,1,0
155045 ,1,1,1
155120 ,0,1,1
155135 ,0,0,1
155200 ,0,0,0
155220 ,1,0,0
155235 ,1,1,0
155245 ,1,1,1
155320 ,0,1,1
155335 ,0,0,1
155400 ,0,0,0
155420 ,1,0,0
155435 ,1,1,0
155445 ,1,1,1
155520 ,0,1,1
155535 ,0,0,1
155600 ,0,0,0
155620 ,1,0,0
155635 ,1,1,0
155645 ,1,1,1
155720 ,0,1,1
155735 ,0,0,1
155800 ,0,0,0
155820 ,1,0,0
155835 ,1,1,0
155845 ,1,1,1
155920 ,0,1,1
155935 ,0,0,1
156000 ,0,0,0
156020 ,1,0,0
156035 ,1,1,0
156045 ,1,1,1
156120 ,0,1,1
156135 ,0,0,1
156200 ,0,0,0
156220 ,1,0,0
156235 ,1,1,0
156245 ,1,1,1
156320 ,0,1,1
156335 ,0,0,1
156400 ,0,0,0
156420 ,1,0,0
156435 ,1,1,0
156445 ,1,1,1
156520 ,0,1,1
156535 ,0,0,1
156600 ,0,0,0
156620 ,1,0,0
156635 ,1,1,0
156645 ,1,1,1
156720 ,0,1,1
156735 ,0,0,1
156800 ,0,0,0
156820 ,1,0,0
156835 ,1,1,0
156845 ,1,1,1
156920 ,0,1,1
156935 ,0,0,1
157000 ,0,0,0
157020 ,1,0,0
157035 ,1,1,0
157045 ,1,1,1
157120 ,0,1,1
157135 ,0,0,1
157200 ,0,0,0
157220 ,1,0,0
157235 ,1,1,0
157245 ,1,1,1
157320 ,0,1,1
157335 ,0,0,1
157400 ,0,0,0
157420 ,1,0,0
157435 ,1,1,0
157445 ,1,1,1
157520 ,0,1,1
157535 ,0,0,1
157600 ,0,0,0
157620 ,1,0,0
157635 ,1,1,0
157645 ,1,1,1
157720 ,0,1,1
157735 ,0,0,1
157800 ,0,0,0
157820 ,1,0,0
157835 ,1,1,0
157845 ,1,1,1
157920 ,0,1,1
157935 ,0,0,1
158000 ,0,0,0
158020 ,1,0,0
158035 ,1,1,0
158045 ,1,1,1
158120 ,0,1,1
158135 ,0,0,1
158200 ,0,0,0
158220 ,1,0,0
158235 ,1,1,0
158245 ,1,1,1
158320 ,0,1,1
158335 ,0,0,1
158400 ,0,0,0
158420 ,1,0,0
158435 ,1,1,0
158445 ,1,1,1
158520 ,0,1,1
158535 ,0,0,1
158600 ,0,0,0
158620 ,1,0,0
158635 ,1,1,0
158645 ,1,1,1
158720 ,0,1,1
158735 ,0,0,1
158800 ,0,0,0
158820 ,1,0,0
158835 ,1,1,0
158845 ,1,1,1
158920 ,0,1,1
158935 ,0,0,1
159000 ,0,0,0
159020 ,1,0,0
159035 ,1,1,0
159045 ,1,1,1
159120 ,0,1,1
159135 ,0,0,1
159200 ,0,0,0
159220 ,1,0,0
159235 ,1,1,0
159245 ,1,1,1
159320 ,0,1,1
159335 ,0,0,1
159400 ,0,0,0
159420 ,1,0,0
159435 ,1,1,0
159445 ,1,1,1
159520 ,0,1,1
159535 ,0,0,1
159600 ,0,0,0
159620 ,1,0,0
159635 ,1,1,0
159645 ,1,1,1
159720 ,0,1,1
159735 ,0,0,1
159800 ,0,0,0
159820 ,1,0,0
159835 ,1,1,0
159845 ,1,1,1
159920 ,0,1,1
159935 ,0,0,1
160000 ,0,0,0
160020 ,1,0,0
160035 ,1,1,0
160045 ,1,1,1
160120 ,0,1,1
160135 ,0,0,1
160200 ,0,0,0
160220 ,1,0,0
160235 ,1,1,0
160245 ,1,1,1
160320 ,0,1,1
160335 ,0,0,1
160400 ,0,0,0
160420 ,1,0,0
160435 ,1,1,0
160445 ,1,1,1
160520 ,0,1,1
160535 ,0,0,1
160600 ,0,0,0
160620 ,1,0,0
160635 ,1,1,0
160645 ,1,1,1
160720 ,0,1,1
160735 ,0,0,1
160800 ,0,0,0
160820 ,1,0,0
160835 ,1,1,0
160845 ,1,1,1
160920 ,0,1,1
160935 ,0,0,1
161000 ,0,0,0
161020 ,1,0,0
161035 ,1,1,0
161045 ,1,1,1
161120 ,0,1,1
161135 ,0,0,1
161200 ,0,0,0
161220 ,1,0,0
161235 ,1,1,0
161245 ,1,1,1
161320 ,0,1,1
161335 ,0,0,1
161400 ,0,0,0
161420 ,1,0,0
161435 ,1,1,0
161445 ,1,1,1
161520 ,0,1,1
161535 ,0,0,1
161600 ,0,0,0
161620 ,1,0,0
161635 ,1,1,0
161645 ,1,1,1
161720 ,0,1,1
161735 ,0,0,1
161800 ,0,0,0
161820 ,1,0,0
161835 ,1,1,0
161845 ,1,1,1
161920 ,0,1,1
161935 ,0,0,1
162000 ,0,0,0
162020 ,1,0,0
162035 ,1,1,0
162045 ,1,1,1
162120 ,0,1,1
162135 ,0,0,1
162200 ,0,0,0
162220 ,1,0,0
162235 ,1,1,0
162245 ,1,1,1
162320 ,0,1,1
162335 ,0,0,1
162400 ,0,0,0
162420 ,1,0,0
162435 ,1,1,0
162445 ,1,1,1
162520 ,0,1,1
162535 ,0,0,1
162600 ,0,0,0
162620 ,1,0,0
162635 ,1,1,0
162645 ,1,1,1
162720 ,0,1,1
162735 ,0,0,1
162800 ,0,0,0
162820 ,1,0,0
162835 ,1,1,0
162845 ,1,1,1
162920 ,0,1,1
162935 ,0,0,1
163000 ,0,0,0
163020 ,1,0,0
163035 ,1,1,0
163045 ,1,1,1
163120 ,0,1,1
163135 ,0,0,1
163200 ,0,0,0
163220 ,1,0,0
163235 ,1,1,0
163245 ,1,1,1
163320 ,0,1,1
163335 ,0,0,1
163400 ,0,0,0
163420 ,1,0,0
163435 ,1,1,0
163445 ,1,1,1
163520 ,0,1,1
163535 ,0,0,1
163600 ,0,0,0
163620 ,1,0,0
163635 ,1,1,0
163645 ,1,1,1
163720 ,0,1,1
163735 ,0,0,1
163800 ,0,0,0
163820 ,1,0,0
163835 ,1,1,0
163845 ,1,1,1
163920 ,0,1,1
163935 ,0,0,1
164000 ,0,0,0
164020 ,1,0,0
164035 ,1,1,0
164045 ,1,1,1
164120 ,0,1,1
164135 ,0,0,1
164200 ,0,0,0
164220 ,1,0,0
164235 ,1,1,0
164245 ,1,1,1
164320 ,0,1,1
164335 ,0,0,1
164400 ,0,0,0
164420 ,1,0,0
164435 ,1,1,0
164445 ,1,1,1
164520 ,0,1,1
164535 ,0,0,1
164600 ,0,0,0
164620 ,1,0,0
164635 ,1,1,0
164645 ,1,1,1
164720 ,0,1,1
164735 ,0,0,1
164800 ,0,0,0
164820 ,1,0,0
164835 ,1,1,0
164845 ,1,1,1
164920 ,0,1,1
164935 ,0,0,1
165000 ,0,0,0
165020 ,1,0,0
165035 ,1,1,0
165045 ,1,1,1
165120 ,0,1,1
165135 ,0,0,1
165200 ,0,0,0
165220 ,1,0,0
165235 ,1,1,0
165245 ,1,1,1
165320 ,0,1,1
165335 ,0,0,1
165400 ,0,0,0
165420 ,1,0,0
165435 ,1,1,0
165445 ,1,1,1
165520 ,0,1,1
165535 ,0,0,1
165600 ,0,0,0
165620 ,1,0,0
165635 ,1,1,0
165645 ,1,1,1
165720 ,0,1,1
165735 ,0,0,1
165800 ,0,0,0
165820 ,1,0,0
165835 ,1,1,0
165845 ,1,1,1
165920 ,0,1,1
165935 ,0,0,1
166000 ,0,0,0
166020 ,1,0,0
166035 ,1,1,0
166045 ,1,1,1
166120 ,0,1,1
166135 ,0,0,1
166200 ,0,0,0
166220 ,1,0,0
166235 ,1,1,0
166245 ,1,1,1
166320 ,0,1,1
166335 ,0,0,1
166400 ,0,0,0
166420 ,1,0,0
166435 ,1,1,0
166445 ,1,1,1
166520 ,0,1,1
166535 ,0,0,1
166600 ,0,0,0
166620 ,1,0,0
166635 ,1,1,0
166645 ,1,1,1
166720 ,0,1,1
166735 ,0,0,1
166800 ,0,0,0
166820 ,1,0,0
166835 ,1,1,0
166845 ,1,1,1
166920 ,0,1,1
166935 ,0,0,1
167000 ,0,0,0
167020 ,1,0,0
167035 ,1,1,0
167045 ,1,1,1
167120 ,0,1,1
167135 ,0,0,1
167200 ,0,0,0
167220 ,1,0,0
167235 ,1,1,0
167245 ,1,1,1
167320 ,0,1,1
167335 ,0,0,1
167400 ,0,0,0
167420 ,1,0,0
167435 ,1,1,0
167445 ,1,1,1
167520 ,0,1,1
167535 ,0,0,1
167600 ,0,0,0
167620 ,1,0,0
167635 ,1,1,0
167645 ,1,1,1
167720 ,0,1,1
167735 ,0,0,1
167800 ,0,0,0
167820 ,1,0,0
167835 ,1,1,0
167845 ,1,1,1
167920 ,0,1,1
167935 ,0,0,1
168000 ,0,0,0
168020 ,1,0,0
168035 ,1,1,0
168045 ,1,1,1
168120 ,0,1,1
168135 ,0,0,1
168200 ,0,0,0
168220 ,1,0,0
168235 ,1,1,0
168245 ,1,1,1
168320 ,0,1,1
168335 ,0,0,1
168400 ,0,0,0
168420 ,1,0,0
168435 ,1,1,0
168445 ,1,1,1
168520 ,0,1,1
168535 ,0,0,1
168600 ,0,0,0
168620 ,1,0,0
168635 ,1,1,0
168645 ,1,1,1
168720 ,0,1,1
168735 ,0,0,1
168800 ,0,0,0
168820 ,1,0,0
168835 ,1,1,0
168845 ,1,1,1
168920 ,0,1,1
168935 ,0,0,1
169000 ,0,0,0
169020 ,1,0,0
169035 ,1,1,0
169045 ,1,1,1
169120 ,0,1,1
169135 ,0,0,1
169200 ,0,0,0
169220 ,1,0,0
169235 ,1,1,0
169245 ,1,1,1
169320 ,0,1,1
169335 ,0,0,1
169400 ,0,0,0
169420 ,1,0,0
169435 ,1,1,0
169445 ,1,1,1
169520 ,0,1,1
169535 ,0,0,1
169600 ,0,0,0
169620 ,1,0,0
169635 ,1,1,0
169645 ,1,1,1
169720 ,0,1,1
169735 ,0,0,1
169800 ,0,0,0
169820 ,1,0,0
169835 ,1,1,0
169845 ,1,1,1
169920 ,0,1,1
169935 ,0,0,1
170000 ,0,0,0
170020 ,1,0,0
170035 ,1,1,0
170045 ,1,1,1
170120 ,0,1,1
170135 ,0,0,1
170200 ,0,0,0
170220 ,1,0,0
170235 ,1,1,0
170245 ,1,1,1
170320 ,0,1,1
170335 ,0,0,1
170400 ,0,0,0
170420 ,1,0,0
170435 ,1,1,0
170445 ,1,1,1
170520 ,0,1,1
170535 ,0,0,1
170600 ,0,0,0
170620 ,1,0,0
170635 ,1,1,0
170645 ,1,1,1
170720 ,0,1,1
170735 ,0,0,1
170800 ,0,0,0
170820 ,1,0,0
170835 ,1,1,0
170845 ,1,1,1
170920 ,0,1,1
170935 ,0,0,1
171000 ,0,0,0
171020 ,1,0,0
171035 ,1,1,0
171045 ,1,1,1
171120 ,0,1,1
171135 ,0,0,1
171200 ,0,0,0
171220 ,1,0,0
171235 ,1,1,0
171245 ,1,1,1
171320 ,0,1,1
171335 ,0,0,1
171400 ,0,0,0
171420 ,1,0,0
171435 ,1,1,0
171445 ,1,1,1
171520 ,0,1,1
171535 ,0,0,1
171600 ,0,0,0
171620 ,1,0,0
171635 ,1,1,0
171645 ,1,1,1
171720 ,0,1,1
171735 ,0,0,1
171800 ,0,0,0
171820 ,1,0,0
171835 ,1,1,0
171845 ,1,1,1
171920 ,0,1,1
171935 ,0,0,1
172000 ,0,0,0
172020 ,1,0,0
172035 ,1,1,0
172045 ,1,1,1
172120 ,0,1,1
172135 ,0,0,1
172200 ,0,0,0
172220 ,1,0,0
172235 ,1,1,0
172245 ,1,1,1
172320 ,0,1,1
172335 ,0,0,1
172400 ,0,0,0
172420 ,1,0,0
172435 ,1,1,0
172445 ,1,1,1
172520 ,0,1,1
172535 ,0,0,1
172600 ,0,0,0
172620 ,1,0,0
172635 ,1,1,0
172645 ,1,1,1
172720 ,0,1,1
172735 ,0,0,1
172800 ,0,0,0
172820 ,1,0,0
172835 ,1,1,0
172845 ,1,1,1
172920 ,0,1,1
172935 ,0,0,1
173000 ,0,0,0
173020 ,1,0,0
173035 ,1,1,0
173045 ,1,1,1
173120 ,0,1,1
173135 ,0,0,1
173200 ,0,0,0
173220 ,1,0,0
173235 ,1,1,0
173245 ,1,1,1
173320 ,0,1,1
173335 ,0,0,1
173400 ,0,0,0
173420 ,1,0,0
173435 ,1,1,0
173445 ,1,1,1
173520 ,0,1,1
173535 ,0,0,1
173600 ,0,0,0
173620 ,1,0,0
173635 ,1,1,0
173645 ,1,1,1
173720 ,0,1,1
173735 ,0,0,1
173800 ,0,0,0
173820 ,1,0,0
173835 ,1,1,0
173845 ,1,1,1
173920 ,0,1,1
173935 ,0,0,1
174000 ,0,0,0
174020 ,1,0,0
174035 ,1,1,0
174045 ,1,1,1
174120 ,0,1,1
174135 ,0,0,1
174200 ,0,0,0
174220 ,1,0,0
174235 ,1,1,0
174245 ,1,1,1
174320 ,0,1,1
174335 ,0,0,1
174400 ,0,0,0
174420 ,1,0,0
174435 ,1,1,0
174445 ,1,1,1
174520 ,0,1,1
174535 ,0,0,1
174600 ,0,0,0
174620 ,1,0,0
174635 ,1,1,0
174645 ,1,1,1
174720 ,0,1,1
174735 ,0,0,1
174800 ,0,0,0
174820 ,1,0,0
174835 ,1,1,0
174845 ,1,1,1
174920 ,0,1,1
174935 ,0,0,1
175000 ,0,0,0
175020 ,1,0,0
175035 ,1,1,0
175045 ,1,1,1
175120 ,0,1,1
175135 ,0,0,1
175200 ,0,0,0
175220 ,1,0,0
175235 ,1,1,0
175245 ,1,1,1
175320 ,0,1,1
175335 ,0,0,1
175400 ,0,0,0
175420 ,1,0,0
175435 ,1,1,0
175445 ,1,1,1
175520 ,0,1,1
175535 ,0,0,1
175600 ,0,0,0
175620 ,1,0,0
175635 ,1,1,0
175645 ,1,1,1
175720 ,0,1,1
175735 ,0,0,1
175800 ,0,0,0
175820 ,1,0,0
175835 ,1,1,0
175845 ,1,1,1
175920 ,0,1,1
175935 ,0,0,1
176000 ,0,0,0
176020 ,1,0,0
176035 ,1,1,0
176045 ,1,1,1
176120 ,0,1,1
176135 ,0,0,1
176200 ,0,0,0
176220 ,1,0,0
176235 ,1,1,0
176245 ,1,1,1
176320 ,0,1,1
176335 ,0,0,1
176400 ,0,0,0
176420 ,1,0,0
176435 ,1,1,0
176445 ,1,1,1
176520 ,0,1,1
176535 ,0,0,1
176600 ,0,0,0
176620 ,1,0,0
176635 ,1,1,0
176645 ,1,1,1
176720 ,0,1,1
176735 ,0,0,1
176800 ,0,0,0
176820 ,1,0,0
176835 ,1,1,0
176845 ,1,1,1
176920 ,0,1,1
176935 ,0,0,1
177000 ,0,0,0
177020 ,1,0,0
177035 ,1,1,0
177045 ,1,1,1
177120 ,0,1,1
177135 ,0,0,1
177200 ,0,0,0
177220 ,1,0,0
177235 ,1,1,0
177245 ,1,1,1
177320 ,0,1,1
177335 ,0,0,1
177400 ,0,0,0
177420 ,1,0,0
177435 ,1,1,0
177445 ,1,1,1
177520 ,0,1,1
177535 ,0,0,1
177600 ,0,0,0
177620 ,1,0,0
177635 ,1,1,0
177645 ,1,1,1
177720 ,0,1,1
177735 ,0,0,1
177800 ,0,0,0
177820 ,1,0,0
177835 ,1,1,0
177845 ,1,1,1
177920 ,0,1,1
177935 ,0,0,1
178000 ,0,0,0
178020 ,1,0,0
178035 ,1,1,0
178045 ,1,1,1
178120 ,0,1,1
178135 ,0,0,1
178200 ,0,0,0
178220 ,1,0,0
178235 ,1,1,0
178245 ,1,1,1
178320 ,0,1,1
178335 ,0,0,1
178400 ,0,0,0
178420 ,1,0,0
178435 ,1,1,0
178445 ,1,1,1
178520 ,0,1,1
178535 ,0,0,1
178600 ,0,0,0
178620 ,1,0,0
178635 ,1,1,0
178645 ,1,1,1
178720 ,0,1,1
178735 ,0,0,1
178800 ,0,0,0
178820 ,1,0,0
178835 ,1,1,0
178845 ,1,1,1
178920 ,0,1,1
178935 ,0,0,1
179000 ,0,0,0
179020 ,1,0,0
179035 ,1,1,0
179045 ,1,1,1
179120 ,0,1,1
179135 ,0,0,1
179200 ,0,0,0
179220 ,1,0,0
179235 ,1,1,0
179245 ,1,1,1
179320 ,0,1,1
179335 ,0,0,1
179400 ,0,0,0
179420 ,1,0,0
179435 ,1,1,0
179445 ,1,1,1
179520 ,0,1,1
179535 ,0,0,1
179600 ,0,0,0
179620 ,1,0,0
179635 ,1,1,0
179645 ,1,1,1
179720 ,0,1,1
179735 ,0,0,1
179800 ,0,0,0
179820 ,1,0,0
179835 ,1,1,0
179845 ,1,1,1
179920 ,0,1,1
179935 ,0,0,1
180000 ,0,0,0
180020 ,1,0,0
180035 ,1,1,0
180045 ,1,1,1
180120 ,0,1,1
180135 ,0,0,1
180200 ,0,0,0
180220 ,1,0,0
180235 ,1,1,0
180245 ,1,1,1
180320 ,0,1,1
180335 ,0,0,1
180400 ,0,0,0
180420 ,1,0,0
180435 ,1,1,0
180445 ,1,1,1
180520 ,0,1,1
180535 ,0,0,1
180600 ,0,0,0
180620 ,1,0,0
180635 ,1,1,0
180645 ,1,1,1
180720 ,0,1,1
180735 ,0,0,1
180800 ,0,0,0
180820 ,1,0,0
180835 ,1,1,0
180845 ,1,1,1
180920 ,0,1,1
180935 ,0,0,1
181000 ,0,0,0
181020 ,1,0,0
181035 ,1,1,0
181045 ,1,1,1
181120 ,0,1,1
181135 ,0,0,1
181200 ,0,0,0
181220 ,1,0,0
181235 ,1,1,0
181245 ,1,1,1
181320 ,0,1,1
181335 ,0,0,1
181400 ,0,0,0
181420 ,1,0,0
181435 ,1,1,0
181445 ,1,1,1
181520 ,0,1,1
181535 ,0,0,1
181600 ,0,0,0
181620 ,1,0,0
181635 ,1,1,0
181645 ,1,1,1
181720 ,0,1,1
181735 ,0,0,1
181800 ,0,0,0
181820 ,1,0,0
181835 ,1,1,0
181845 ,1,1,1
181920 ,0,1,1
181935 ,0,0,1
182000 ,0,0,0
182020 ,1,0,0
182035 ,1,1,0
182045 ,1,1,1
182120 ,0,1,1
182135 ,0,0,1
182200 ,0,0,0
182220 ,1,0,0
182235 ,1,1,0
182245 ,1,1,1
182320 ,0,1,1
182335 ,0,0,1
182400 ,0,0,0
182420 ,1,0,0
182435 ,1,1,0
182445 ,1,1,1
182520 ,0,1,1
182535 ,0,0,1
182600 ,0,0,0
182620 ,1,0,0
182635 ,1,1,0
182645 ,1,1,1
182720 ,0,1,1
182735 ,0,0,1
182800 ,0,0,0
182820 ,1,0,0
182835 ,1,1,0
182845 ,1,1,1
182920 ,0,1,1
182935 ,0,0,1
183000 ,0,0,0
183020 ,1,0,0
183035 ,1,1,0
183045 ,1,1,1
183120 ,0,1,1
183135 ,0,0,1
183200 ,0,0,0
183220 ,1,0,0
183235 ,1,1,0
183245 ,1,1,1
183320 ,0,1,1
183335 ,0,0,1
183400 ,0,0,0
183420 ,1,0,0
183435 ,1,1,0
183445 ,1,1,1
183520 ,0,1,1
183535 ,0,0,1
183600 ,0,0,0
183620 ,1,0,0
183635 ,1,1,0
183645 ,1,1,1
183720 ,0,1,1
183735 ,0,0,1
183800 ,0,0,0
183820 ,1,0,0
183835 ,1,1,0
183845 ,1,1,1
183920 ,0,1,1
183935 ,0,0,1
184000 ,0,0,0
184020 ,1,0,0
184035 ,1,1,0
184045 ,1,1,1
184120 ,0,1,1
184135 ,0,0,1
184200 ,0,0,0
184220 ,1,0,0
184235 ,1,1,0
184245 ,1,1,1
184320 ,0,1,1
184335 ,0,0,1
184400 ,0,0,0
184420 ,1,0,0
184435 ,1,1,0
184445 ,1,1,1
184520 ,0,1,1
184535 ,0,0,1
184600 ,0,0,0
184620 ,1,0,0
184635 ,1,1,0
184645 ,1,1,1
184720 ,0,1,1
184735 ,0,0,1
184800 ,0,0,0
184820 ,1,0,0
184835 ,1,1,0
184845 ,1,1,1
184920 ,0,1,1
184935 ,0,0,1
185000 ,0,0,0
185020 ,1,0,0
185035 ,1,1,0
185045 ,1,1,1
185120 ,0,1,1
185135 ,0,0,1
185200 ,0,0,0
185220 ,1,0,0
185235 ,1,1,0
185245 ,1,1,1
185320 ,0,1,1
185335 ,0,0,1
185400 ,0,0,0
185420 ,1,0,0
185435 ,1,1,0
185445 ,1,1,1
185520 ,0,1,1
185535 ,0,0,1
185600 ,0,0,0
185620 ,1,0,0
185635 ,1,1,0
185645 ,1,1,1
185720 ,0,1,1
185735 ,0,0,1
185800 ,0,0,0
185820 ,1,0,0
185835 ,1,1,0
185845 ,1,1,1
185920 ,0,1,1
185935 ,0,0,1
186000 ,0,0,0
186020 ,1,0,0
186035 ,1,1,0
186045 ,1,1,1
186120 ,0,1,1
186135 ,0,0,1
186200 ,0,0,0
186220 ,1,0,0
186235 ,1,1,0
186245 ,1,1,1
186320 ,0,1,1
186335 ,0,0,1
186400 ,0,0,0
186420 ,1,0,0
186435 ,1,1,0
186445 ,1,1,1
186520 ,0,1,1
186535 ,0,0,1
186600 ,0,0,0
186620 ,1,0,0
186635 ,1,1,0
186645 ,1,1,1
186720 ,0,1,1
186735 ,0,0,1
186800 ,0,0,0
186820 ,1,0,0
186835 ,1,1,0
186845 ,1,1,1
186920 ,0,1,1
186935 ,0,0,1
187000 ,0,0,0
187020 ,1,0,0
187035 ,1,1,0
187045 ,1,1,1
187120 ,0,1,1
187135 ,0,0,1
187200 ,0,0,0
187220 ,1,0,0
187235 ,1,1,0
187245 ,1,1,1
187320 ,0,1,1
187335 ,0,0,1
187400 ,0,0,0
187420 ,1,0,0
187435 ,1,1,0
187445 ,1,1,1
187520 ,0,1,1
187535 ,0,0,1
187600 ,0,0,0
187620 ,1,0,0
187635 ,1,1,0
187645 ,1,1,1
187720 ,0,1,1
187735 ,0,0,1
187800 ,0,0,0
187820 ,1,0,0
187835 ,1,1,0
187845 ,1,1,1
187920 ,0,1,1
187935 ,0,0,1
188000 ,0,0,0
188020 ,1,0,0
188035 ,1,1,0
188045 ,1,1,1
188120 ,0,1,1
188135 ,0,0,1
188200 ,0,0,0
188220 ,1,0,0
188235 ,1,1,0
188245 ,1,1,1
188320 ,0,1,1
188335 ,0,0,1
188400 ,0,0,0
188420 ,1,0,0
188435 ,1,1,0
188445 ,1,1,1
188520 ,0,1,1
188535 ,0,0,1
188600 ,0,0,0
188620 ,1,0,0
188635 ,1,1,0
188645 ,1,1,1
188720 ,0,1,1
188735 ,0,0,1
188800 ,0,0,0
188820 ,1,0,0
188835 ,1,1,0
188845 ,1,1,1
188920 ,0,1,1
188935 ,0,0,1
189000 ,0,0,0
189020 ,1,0,0
189035 ,1,1,0
189045 ,1,1,1
189120 ,0,1,1
189135 ,0,0,1
189200 ,0,0,0
189220 ,1,0,0
189235 ,1,1,0
189245 ,1,1,1
189320 ,0,1,1
189335 ,0,0,1
189400 ,0,0,0
189420 ,1,0,0
189435 ,1,1,0
189445 ,1,1,1
189520 ,0,1,1
189535 ,0,0,1
189600 ,0,0,0
189620 ,1,0,0
189635 ,1,1,0
189645 ,1,1,1
189720 ,0,1,1
189735 ,0,0,1
189800 ,0,0,0
189820 ,1,0,0
189835 ,1,1,0
189845 ,1,1,1
189920 ,0,1,1
189935 ,0,0,1
190000 ,0,0,0
190020 ,1,0,0
190035 ,1,1,0
190045 ,1,1,1
190120 ,0,1,1
190135 ,0,0,1
190200 ,0,0,0
190220 ,1,0,0
190235 ,1,1,0
190245 ,1,1,1
190320 ,0,1,1
190335 ,0,0,1
190400 ,0,0,0
190420 ,1,0,0
190435 ,1,1,0
190445 ,1,1,1
190520 ,0,1,1
190535 ,0,0,1
190600 ,0,0,0
190620 ,1,0,0
190635 ,1,1,0
190645 ,1,1,1
190720 ,0,1,1
190735 ,0,0,1
190800 ,0,0,0
190820 ,1,0,0
190835 ,1,1,0
190845 ,1,1,1
190920 ,0,1,1
190935 ,0,0,1
191000 ,0,0,0
191020 ,1,0,0
191035 ,1,1,0
191045 ,1,1,1
191120 ,0,1,1
191135 ,0,0,1
191200 ,0,0,0
191220 ,1,0,0
191235 ,1,1,0
191245 ,1,1,1
191320 ,0,1,1
191335 ,0,0,1
191400 ,0,0,0
191420 ,1,0,0
191435 ,1,1,0
191445 ,1,1,1
191520 ,0,1,1
191535 ,0,0,1
191600 ,0,0,0
191620 ,1,0,0
191635 ,1,1,0
191645 ,1,1,1
191720 ,0,1,1
191735 ,0,0,1
191800 ,0,0,0
191820 ,1,0,0
191835 ,1,1,0
191845 ,1,1,1
191920 ,0,1,1
191935 ,0,0,1
192000 ,0,0,0
192020 ,1,0,0
192035 ,1,1,0
192045 ,1,1,1
192120 ,0,1,1
192135 ,0,0,1
192200 ,0,0,0
192220 ,1,0,0
192235 ,1,1,0
192245 ,1,1,1
192320 ,0,1,1
192335 ,0,0,1
192400 ,0,0,0
192420 ,1,0,0
192435 ,1,1,0
192445 ,1,1,1
192520 ,0,1,1
192535 ,0,0,1
192600 ,0,0,0
192620 ,1,0,0
192635 ,1,1,0
192645 ,1,1,1
192720 ,0,1,1
192735 ,0,0,1
192800 ,0,0,0
192820 ,1,0,0
192835 ,1,1,0
192845 ,1,1,1
192920 ,0,1,1
192935 ,0,0,1
193000 ,0,0,0
193020 ,1,0,0
193035 ,1,1,0
193045 ,1,1,1
193120 ,0,1,1
193135 ,0,0,1
193200 ,0,0,0
193220 ,1,0,0
193235 ,1,1,0
193245 ,1,1,1
193320 ,0,1,1
193335 ,0,0,1
193400 ,0,0,0
193420 ,1,0,0
193435 ,1,1,0
193445 ,1,1,1
193520 ,0,1,1
193535 ,0,0,1
193600 ,0,0,0
193620 ,1,0,0
193635 ,1,1,0
193645 ,1,1,1
193720 ,0,1,1
193735 ,0,0,1
193800 ,0,0,0
193820 ,1,0,0
193835 ,1,1,0
193845 ,1,1,1
193920 ,0,1,1
193935 ,0,0,1
194000 ,0,0,0
194020 ,1,0,0
194035 ,1,1,0
194045 ,1,1,1
194120 ,0,1,1
194135 ,0,0,1
194200 ,0,0,0
194220 ,1,0,0
194235 ,1,1,0
194245 ,1,1,1
194320 ,0,1,1
194335 ,0,0,1
194400 ,0,0,0
194420 ,1,0,0
194435 ,1,1,0
194445 ,1,1,1
194520 ,0,1,1
194535 ,0,0,1
194600 ,0,0,0
194620 ,1,0,0
194635 ,1,1,0
194645 ,1,1,1
194720 ,0,1,1
194735 ,0,0,1
194800 ,0,0,0
194820 ,1,0,0
194835 ,1,1,0
194845 ,1,1,1
194920 ,0,1,1
194935 ,0,0,1
195000 ,0,0,0
195020 ,1,0,0
195035 ,1,1,0
195045 ,1,1,1
195120 ,0,1,1
195135 ,0,0,1
195200 ,0,0,0
195220 ,1,0,0
195235 ,1,1,0
195245 ,1,1,1
195320 ,0,1,1
195335 ,0,0,1
195400 ,0,0,0
195420 ,1,0,0
195435 ,1,1,0
195445 ,1,1,1
195520 ,0,1,1
195535 ,0,0,1
195600 ,0,0,0
195620 ,1,0,0
195635 ,1,1,0
195645 ,1,1,1
195720 ,0,1,1
195735 ,0,0,1
195800 ,0,0,0
195820 ,1,0,0
195835 ,1,1,0
195845 ,1,1,1
195920 ,0,1,1
195935 ,0,0,1
196000 ,0,0,0
196020 ,1,0,0
196035 ,1,1,0
196045 ,1,1,1
196120 ,0,1,1
196135 ,0,0,1
196200 ,0,0,0
196220 ,1,0,0
196235 ,1,1,0
196245 ,1,1,1
196320 ,0,1,1
196335 ,0,0,1
196400 ,0,0,0
196420 ,1,0,0
196435 ,1,1,0
196445 ,1,1,1
196520 ,0,1,1
196535 ,0,0,1
196600 ,0,0,0
196620 ,1,0,0
196635 ,1,1,0
196645 ,1,1,1
196720 ,0,1,1
196735 ,0,0,1
196800 ,0,0,0
196820 ,1,0,0
196835 ,1,1,0
196845 ,1,1,1
196920 ,0,1,1
196935 ,0,0,1
197000 ,0,0,0
197020 ,1,0,0
197035 ,1,1,0
197045 ,1,1,1
197120 ,0,1,1
197135 ,0,0,1
197200 ,0,0,0
197220 ,1,0,0
197235 ,1,1,0
197245 ,1,1,1
197320 ,0,1,1
197335 ,0,0,1
197400 ,0,0,0
197420 ,1,0,0
197435 ,1,1,0
197445 ,1,1,1
197520 ,0,1,1
197535 ,0,0,1
197600 ,0,0,0
197620 ,1,0,0
197635 ,1,1,0
197645 ,1,1,1
197720 ,0,1,1
197735 ,0,0,1
197800 ,0,0,0
197820 ,1,0,0
197835 ,1,1,0
197845 ,1,1,1
197920 ,0,1,1
197935 ,0,0,1
198000 ,0,0,0
198020 ,1,0,0
198035 ,1,1,0
198045 ,1,1,1
198120 ,0,1,1
198135 ,0,0,1
198200 ,0,0,0
198220 ,1,0,0
198235 ,1,1,0
198245 ,1,1,1
198320 ,0,1,1
198335 ,0,0,1
198400 ,0,0,0
198420 ,1,0,0
198435 ,1,1,0
198445 ,1,1,1
198520 ,0,1,1
198535 ,0,0,1
198600 ,0,0,0
198620 ,1,0,0
198635 ,1,1,0
198645 ,1,1,1
198720 ,0,1,1
198735 ,0,0,1
198800 ,0,0,0
198820 ,1,0,0
198835 ,1,1,0
198845 ,1,1,1
198920 ,0,1,1
198935 ,0,0,1
199000 ,0,0,0
199020 ,1,0,0
199035 ,1,1,0
199045 ,1,1,1
199120 ,0,1,1
199135 ,0,0,1
199200 ,0,0,0
199220 ,1,0,0
199235 ,1,1,0
199245 ,1,1,1
199320 ,0,1,1
199335 ,0,0,1
199400 ,0,0,0
199420 ,1,0,0
199435 ,1,1,0
199445 ,1,1,1
199520 ,0,1,1
199535 ,0,0,1
199600 ,0,0,0
199620 ,1,0,0
199635 ,1,1,0
199645 ,1,1,1
199720 ,0,1,1
199735 ,0,0,1
199800 ,0,0,0
199820 ,1,0,0
199835 ,1,1,0
199845 ,1,1,1
199920 ,0,1,1
199935 ,0,0,1
